Time,Symbol,Side,Price,Size
2026-07-11 14:59:37,BTCUSDT,BUY,64354.01,10.0
2026-07-11 14:59:37,ETHUSDT,BUY,1810.95,10.0
2026-07-11 14:59:37,BNBUSDT,BUY,581.7,10.0
2026-07-11 14:59:37,NEOUSDT,BUY,1.993,10.0
2026-07-11 14:59:37,LTCUSDT,BUY,45.19,10.0
2026-07-11 14:59:37,QTUMUSDT,BUY,0.703,10.0
2026-07-11 14:59:37,ADAUSDT,BUY,0.1695,10.0
2026-07-11 14:59:37,XRPUSDT,BUY,1.114,10.0
2026-07-11 14:59:37,TUSDUSDT,BUY,0.9989,10.0
2026-07-11 14:59:37,IOTAUSDT,BUY,0.04,10.0
2026-07-11 14:59:37,XLMUSDT,BUY,0.1925,10.0
2026-07-11 14:59:37,ONTUSDT,BUY,0.04648,10.0
2026-07-11 14:59:37,TRXUSDT,BUY,0.3317,10.0
2026-07-11 14:59:37,ETCUSDT,BUY,7.09,10.0
2026-07-11 14:59:37,ICXUSDT,BUY,0.0253,10.0
2026-07-11 14:59:37,VETUSDT,BUY,0.004991,10.0
2026-07-11 14:59:37,USDCUSDT,BUY,1.0006,10.0
2026-07-11 14:59:37,LINKUSDT,BUY,8.05,10.0
2026-07-11 14:59:37,ONGUSDT,BUY,0.04942,10.0
2026-07-11 14:59:37,HOTUSDT,BUY,0.000358,10.0
2026-07-11 14:59:37,ZILUSDT,BUY,0.0031,10.0
2026-07-11 14:59:37,ZRXUSDT,BUY,0.0893,10.0
2026-07-11 14:59:37,FETUSDT,BUY,0.1633,10.0
2026-07-11 14:59:37,BATUSDT,BUY,0.0871,10.0
2026-07-11 14:59:37,ZECUSDT,BUY,505.33,10.0
2026-07-11 14:59:37,IOSTUSDT,BUY,0.000724,10.0
2026-07-11 14:59:37,CELRUSDT,BUY,0.001837,10.0
2026-07-11 14:59:37,DASHUSDT,BUY,34.77,10.0
2026-07-11 14:59:37,THETAUSDT,BUY,0.1551,10.0
2026-07-11 14:59:37,ENJUSDT,BUY,0.02858,10.0
2026-07-11 14:59:37,ATOMUSDT,BUY,1.594,10.0
2026-07-11 14:59:37,TFUELUSDT,BUY,0.00816,10.0
2026-07-11 14:59:37,ONEUSDT,BUY,0.00124,10.0
2026-07-11 14:59:37,ALGOUSDT,BUY,0.0871,10.0
2026-07-11 14:59:37,DOGEUSDT,BUY,0.07519,10.0
2026-07-11 14:59:37,DUSKUSDT,BUY,0.0815,10.0
2026-07-11 14:59:37,ANKRUSDT,BUY,0.00396,10.0
2026-07-11 14:59:37,WINUSDT,BUY,2.139e-05,10.0
2026-07-11 14:59:37,MTLUSDT,BUY,0.232,10.0
2026-07-11 14:59:37,CVCUSDT,BUY,0.02087,10.0
2026-07-11 14:59:37,CHZUSDT,BUY,0.01758,10.0
2026-07-11 14:59:37,BANDUSDT,BUY,0.1709,10.0
2026-07-11 14:59:37,XTZUSDT,BUY,0.2371,10.0
2026-07-11 14:59:37,RVNUSDT,BUY,0.00395,10.0
2026-07-11 14:59:37,HBARUSDT,BUY,0.0694,10.0
2026-07-11 14:59:37,STXUSDT,BUY,0.1749,10.0
2026-07-11 14:59:37,KAVAUSDT,BUY,0.0445,10.0
2026-07-11 14:59:37,ARPAUSDT,BUY,0.00872,10.0
2026-07-11 14:59:37,IOTXUSDT,BUY,0.0026,10.0
2026-07-11 14:59:37,RLCUSDT,BUY,0.3073,10.0
2026-07-11 14:59:37,BCHUSDT,BUY,249.5,10.0
2026-07-11 14:59:37,FTTUSDT,BUY,0.2204,10.0
2026-07-11 14:59:37,EURUSDT,BUY,1.142,10.0
2026-07-11 14:59:37,OGNUSDT,BUY,0.01677,10.0
2026-07-11 14:59:37,LSKUSDT,BUY,0.0903,10.0
2026-07-11 14:59:37,BNTUSDT,BUY,0.2775,10.0
2026-07-11 14:59:37,MBLUSDT,BUY,0.000714,10.0
2026-07-11 14:59:37,COTIUSDT,BUY,0.00824,10.0
2026-07-11 14:59:37,SOLUSDT,BUY,78.5,10.0
2026-07-11 14:59:37,CTSIUSDT,BUY,0.02409,10.0
2026-07-11 14:59:37,HIVEUSDT,BUY,0.0502,10.0
2026-07-11 14:59:37,CHRUSDT,BUY,0.0158,10.0
2026-07-11 14:59:37,KNCUSDT,BUY,0.113,10.0
2026-07-11 14:59:37,COMPUSDT,BUY,17.09,10.0
2026-07-11 14:59:37,SCUSDT,BUY,0.000632,10.0
2026-07-11 14:59:37,ZENUSDT,BUY,4.18,10.0
2026-07-11 14:59:37,SNXUSDT,BUY,0.231,10.0
2026-07-11 14:59:37,VTHOUSDT,BUY,0.000376,10.0
2026-07-11 14:59:37,DGBUSDT,BUY,0.00258,10.0
2026-07-11 14:59:37,DCRUSDT,BUY,11.27,10.0
2026-07-11 14:59:37,STORJUSDT,BUY,0.0771,10.0
2026-07-11 14:59:37,MANAUSDT,BUY,0.0728,10.0
2026-07-11 14:59:37,YFIUSDT,BUY,2135.0,10.0
2026-07-11 14:59:37,JSTUSDT,BUY,0.10089,10.0
2026-07-11 14:59:37,CRVUSDT,BUY,0.209,10.0
2026-07-11 14:59:37,SANDUSDT,BUY,0.04994,10.0
2026-07-11 14:59:37,NMRUSDT,BUY,9.79,10.0
2026-07-11 14:59:37,DOTUSDT,BUY,0.879,10.0
2026-07-11 14:59:37,LUNAUSDT,BUY,0.0496,10.0
2026-07-11 14:59:37,RSRUSDT,BUY,0.001304,10.0
2026-07-11 14:59:37,PAXGUSDT,BUY,4114.36,10.0
2026-07-11 14:59:37,TRBUSDT,BUY,15.65,10.0
2026-07-11 14:59:37,SUSHIUSDT,BUY,0.1678,10.0
2026-07-11 14:59:37,KSMUSDT,BUY,3.38,10.0
2026-07-11 14:59:37,EGLDUSDT,BUY,2.84,10.0
2026-07-11 14:59:37,DIAUSDT,BUY,0.1098,10.0
2026-07-11 14:59:37,RUNEUSDT,BUY,0.411,10.0
2026-07-11 14:59:37,UMAUSDT,BUY,0.388,10.0
2026-07-11 14:59:37,BELUSDT,BUY,0.1069,10.0
2026-07-11 14:59:37,UNIUSDT,BUY,3.704,10.0
2026-07-11 14:59:37,SUNUSDT,BUY,0.01845,10.0
2026-07-11 14:59:37,AVAXUSDT,BUY,6.752,10.0
2026-07-11 14:59:37,XVSUSDT,BUY,2.69,10.0
2026-07-11 14:59:37,AAVEUSDT,BUY,98.24,10.0
2026-07-11 14:59:37,NEARUSDT,BUY,1.91,10.0
2026-07-11 14:59:37,FILUSDT,BUY,0.794,10.0
2026-07-11 14:59:37,INJUSDT,BUY,5.066,10.0
2026-07-11 14:59:37,AUDIOUSDT,BUY,0.01363,10.0
2026-07-11 14:59:37,CTKUSDT,BUY,0.108,10.0
2026-07-11 14:59:37,AXSUSDT,BUY,1.013,10.0
2026-07-11 14:59:37,STRAXUSDT,BUY,0.00969,10.0
2026-07-11 14:59:37,ROSEUSDT,BUY,0.00597,10.0
2026-07-11 14:59:37,AVAUSDT,BUY,0.1717,10.0
2026-07-11 14:59:37,SKLUSDT,BUY,0.00477,10.0
2026-07-11 14:59:37,GRTUSDT,BUY,0.01801,10.0
2026-07-11 14:59:37,JUVUSDT,BUY,0.323,10.0
2026-07-11 14:59:37,PSGUSDT,BUY,0.537,10.0
2026-07-11 14:59:37,1INCHUSDT,BUY,0.074,10.0
2026-07-11 14:59:37,OGUSDT,BUY,2.663,10.0
2026-07-11 14:59:37,ATMUSDT,BUY,2.739,10.0
2026-07-11 14:59:37,ASRUSDT,BUY,0.873,10.0
2026-07-11 14:59:37,CELOUSDT,BUY,0.07091,10.0
2026-07-11 14:59:37,RIFUSDT,BUY,0.1273,10.0
2026-07-11 14:59:37,CKBUSDT,BUY,0.000926,10.0
2026-07-11 14:59:37,TWTUSDT,BUY,0.3501,10.0
2026-07-11 14:59:37,SFPUSDT,BUY,0.2315,10.0
2026-07-11 14:59:37,DODOUSDT,BUY,0.01657,10.0
2026-07-11 14:59:37,CAKEUSDT,BUY,1.443,10.0
2026-07-11 14:59:37,ACMUSDT,BUY,0.287,10.0
2026-07-11 14:59:37,ALICEUSDT,BUY,0.1232,10.0
2026-07-11 14:59:37,SUPERUSDT,BUY,0.089,10.0
2026-07-11 14:59:37,CFXUSDT,BUY,0.04393,10.0
2026-07-11 14:59:37,TKOUSDT,BUY,0.0466,10.0
2026-07-11 14:59:37,PUNDIXUSDT,BUY,0.0847,10.0
2026-07-11 14:59:37,TLMUSDT,BUY,0.001809,10.0
2026-07-11 14:59:37,BARUSDT,BUY,0.277,10.0
2026-07-11 14:59:37,SLPUSDT,BUY,0.000531,10.0
2026-07-11 14:59:37,SHIBUSDT,BUY,4.41e-06,10.0
2026-07-11 14:59:37,ICPUSDT,BUY,2.274,10.0
2026-07-11 14:59:37,ARUSDT,BUY,2.018,10.0
2026-07-11 14:59:37,MASKUSDT,BUY,0.406,10.0
2026-07-11 14:59:37,LPTUSDT,BUY,1.604,10.0
2026-07-11 14:59:37,XVGUSDT,BUY,0.0022,10.0
2026-07-11 14:59:37,GTCUSDT,BUY,0.07,10.0
2026-07-11 14:59:37,PHAUSDT,BUY,0.026,10.0
2026-07-11 14:59:37,DEXEUSDT,BUY,37.42,10.0
2026-07-11 14:59:37,C98USDT,BUY,0.01417,10.0
2026-07-11 14:59:37,QNTUSDT,BUY,67.09,10.0
2026-07-11 14:59:37,FLOWUSDT,BUY,0.0274,10.0
2026-07-11 14:59:37,MINAUSDT,BUY,0.0445,10.0
2026-07-11 14:59:37,RAYUSDT,BUY,0.7012,10.0
2026-07-11 14:59:37,QUICKUSDT,BUY,0.00777,10.0
2026-07-11 14:59:37,REQUSDT,BUY,0.055,10.0
2026-07-11 14:59:37,WAXPUSDT,BUY,0.00418,10.0
2026-07-11 14:59:37,GNOUSDT,BUY,109.27,10.0
2026-07-11 14:59:37,XECUSDT,BUY,5.26e-06,10.0
2026-07-11 14:59:37,DYDXUSDT,BUY,0.12906,10.0
2026-07-11 14:59:37,USDPUSDT,BUY,1.0006,10.0
2026-07-11 14:59:37,GALAUSDT,BUY,0.002133,10.0
2026-07-11 14:59:37,ILVUSDT,BUY,3.17,10.0
2026-07-11 14:59:37,YGGUSDT,BUY,0.02247,10.0
2026-07-11 14:59:37,FIDAUSDT,BUY,0.02219,10.0
2026-07-11 14:59:37,AGLDUSDT,BUY,0.1573,10.0
2026-07-11 14:59:37,RADUSDT,BUY,0.216,10.0
2026-07-11 14:59:37,RAREUSDT,BUY,0.0129,10.0
2026-07-11 14:59:37,LAZIOUSDT,BUY,0.373,10.0
2026-07-11 14:59:37,ADXUSDT,BUY,0.0623,10.0
2026-07-11 14:59:37,AUCTIONUSDT,BUY,3.34,10.0
2026-07-11 14:59:37,MOVRUSDT,BUY,1.423,10.0
2026-07-11 14:59:37,CITYUSDT,BUY,0.398,10.0
2026-07-11 14:59:37,ENSUSDT,BUY,4.21,10.0
2026-07-11 14:59:37,QIUSDT,BUY,0.00119,10.0
2026-07-11 14:59:37,PORTOUSDT,BUY,0.415,10.0
2026-07-11 14:59:37,POWRUSDT,BUY,0.0455,10.0
2026-07-11 14:59:37,JASMYUSDT,BUY,0.00453,10.0
2026-07-11 14:59:37,AMPUSDT,BUY,0.000442,10.0
2026-07-11 14:59:37,PYRUSDT,BUY,0.174,10.0
2026-07-11 14:59:37,SANTOSUSDT,BUY,0.535,10.0
2026-07-11 14:59:37,BICOUSDT,BUY,0.01413,10.0
2026-07-11 14:59:37,FLUXUSDT,BUY,0.0461,10.0
2026-07-11 14:59:37,CVXUSDT,BUY,1.242,10.0
2026-07-11 14:59:37,PEOPLEUSDT,BUY,0.00566,10.0
2026-07-11 14:59:37,SPELLUSDT,BUY,9e-05,10.0
2026-07-11 14:59:37,JOEUSDT,BUY,0.029,10.0
2026-07-11 14:59:37,ACHUSDT,BUY,0.00444,10.0
2026-07-11 14:59:37,IMXUSDT,BUY,0.1355,10.0
2026-07-11 14:59:37,GLMRUSDT,BUY,0.009,10.0
2026-07-11 14:59:37,SCRTUSDT,BUY,0.0428,10.0
2026-07-11 14:59:37,API3USDT,BUY,0.2295,10.0
2026-07-11 14:59:37,BTTCUSDT,BUY,2.7e-07,10.0
2026-07-11 14:59:37,XNOUSDT,BUY,0.333,10.0
2026-07-11 14:59:37,WOOUSDT,BUY,0.01188,10.0
2026-07-11 14:59:37,ALPINEUSDT,BUY,0.315,10.0
2026-07-11 14:59:37,TUSDT,BUY,0.0048,10.0
2026-07-11 14:59:37,ASTRUSDT,BUY,0.005319,10.0
2026-07-11 14:59:37,GMTUSDT,BUY,0.00783,10.0
2026-07-11 14:59:37,APEUSDT,BUY,0.1563,10.0
2026-07-11 14:59:37,STEEMUSDT,BUY,0.04199,10.0
2026-07-11 14:59:37,NEXOUSDT,BUY,0.752,10.0
2026-07-11 14:59:37,LDOUSDT,BUY,0.3118,10.0
2026-07-11 14:59:37,OPUSDT,BUY,0.1054,10.0
2026-07-11 14:59:37,STGUSDT,BUY,0.1633,10.0
2026-07-11 14:59:37,LUNCUSDT,BUY,6.179e-05,10.0
2026-07-11 14:59:37,GMXUSDT,BUY,6.07,10.0
2026-07-11 14:59:37,POLYXUSDT,BUY,0.0376,10.0
2026-07-11 14:59:37,APTUSDT,BUY,0.642,10.0
2026-07-11 14:59:37,OSMOUSDT,BUY,0.0356,10.0
2026-07-11 14:59:37,HFTUSDT,BUY,0.009,10.0
2026-07-11 14:59:37,MAGICUSDT,BUY,0.0439,10.0
2026-07-11 14:59:37,RPLUSDT,BUY,1.75,10.0
2026-07-11 14:59:37,GNSUSDT,BUY,0.619,10.0
2026-07-11 14:59:37,SYNUSDT,BUY,0.30816,10.0
2026-07-11 14:59:37,SSVUSDT,BUY,2.134,10.0
2026-07-11 14:59:37,LQTYUSDT,BUY,0.18,10.0
2026-07-11 14:59:37,USTCUSDT,BUY,0.00572,10.0
2026-07-11 14:59:37,GASUSDT,BUY,1.07,10.0
2026-07-11 14:59:37,GLMUSDT,BUY,0.1017,10.0
2026-07-11 14:59:37,PROMUSDT,BUY,1.297,10.0
2026-07-11 14:59:37,QKCUSDT,BUY,0.00196,10.0
2026-07-11 14:59:37,IDUSDT,BUY,0.039,10.0
2026-07-11 14:59:37,ARBUSDT,BUY,0.0971,10.0
2026-07-11 14:59:37,WBTCUSDT,BUY,64326.68,10.0
2026-07-11 14:59:37,EDUUSDT,BUY,0.0322,10.0
2026-07-11 14:59:37,SUIUSDT,BUY,0.7452,10.0
2026-07-11 14:59:37,PEPEUSDT,BUY,2.82e-06,10.0
2026-07-11 14:59:37,FLOKIUSDT,BUY,2.347e-05,10.0
2026-07-11 14:59:37,MAVUSDT,BUY,0.00955,10.0
2026-07-11 14:59:37,PENDLEUSDT,BUY,1.572,10.0
2026-07-11 14:59:37,ARKMUSDT,BUY,0.1149,10.0
2026-07-11 14:59:37,WBETHUSDT,BUY,1994.13,10.0
2026-07-11 14:59:37,WLDUSDT,BUY,0.4112,10.0
2026-07-11 14:59:37,FDUSDUSDT,BUY,0.9983,10.0
2026-07-11 14:59:37,SEIUSDT,BUY,0.05024,10.0
2026-07-11 14:59:37,CYBERUSDT,BUY,0.36,10.0
2026-07-11 14:59:37,ARKUSDT,BUY,0.11,10.0
2026-07-11 14:59:37,IQUSDT,BUY,0.000767,10.0
2026-07-11 14:59:37,TIAUSDT,BUY,0.4179,10.0
2026-07-11 14:59:37,MEMEUSDT,BUY,0.000571,10.0
2026-07-11 14:59:37,ORDIUSDT,BUY,3.524,10.0
2026-07-11 14:59:37,BEAMXUSDT,BUY,0.001606,10.0
2026-07-11 14:59:37,PIVXUSDT,BUY,0.0397,10.0
2026-07-11 14:59:37,VICUSDT,BUY,0.0406,10.0
2026-07-11 14:59:37,BLURUSDT,BUY,0.01759,10.0
2026-07-11 14:59:37,VANRYUSDT,BUY,0.005666,10.0
2026-07-11 14:59:37,AEURUSDT,BUY,1.1395,10.0
2026-07-11 14:59:37,JTOUSDT,BUY,0.6285,10.0
2026-07-11 14:59:37,1000SATSUSDT,BUY,9.55e-06,10.0
2026-07-11 14:59:37,BONKUSDT,BUY,4.13e-06,10.0
2026-07-11 14:59:37,ACEUSDT,BUY,0.0748,10.0
2026-07-11 14:59:37,AIUSDT,BUY,0.0203,10.0
2026-07-11 14:59:37,XAIUSDT,BUY,0.00712,10.0
2026-07-11 14:59:37,MANTAUSDT,BUY,0.05826,10.0
2026-07-11 14:59:37,ALTUSDT,BUY,0.00662,10.0
2026-07-11 14:59:37,JUPUSDT,BUY,0.2101,10.0
2026-07-11 14:59:37,PYTHUSDT,BUY,0.0487,10.0
2026-07-11 14:59:37,RONINUSDT,BUY,0.0572,10.0
2026-07-11 14:59:37,DYMUSDT,BUY,0.01603,10.0
2026-07-11 14:59:37,PIXELUSDT,BUY,0.00484,10.0
2026-07-11 14:59:37,STRKUSDT,BUY,0.031,10.0
2026-07-11 14:59:37,PORTALUSDT,BUY,0.01201,10.0
2026-07-11 14:59:37,AXLUSDT,BUY,0.043,10.0
2026-07-11 14:59:37,WIFUSDT,BUY,0.1543,10.0
2026-07-11 14:59:37,METISUSDT,BUY,2.92,10.0
2026-07-11 14:59:37,AEVOUSDT,BUY,0.01956,10.0
2026-07-11 14:59:37,BOMEUSDT,BUY,0.0004267,10.0
2026-07-11 14:59:37,ETHFIUSDT,BUY,0.431,10.0
2026-07-11 14:59:37,ENAUSDT,BUY,0.0838,10.0
2026-07-11 14:59:37,WUSDT,BUY,0.01009,10.0
2026-07-11 14:59:37,TNSRUSDT,BUY,0.0325,10.0
2026-07-11 14:59:37,SAGAUSDT,BUY,0.01321,10.0
2026-07-11 14:59:37,TAOUSDT,BUY,213.6,10.0
2026-07-11 14:59:37,REZUSDT,BUY,0.002689,10.0
2026-07-11 14:59:37,BBUSDT,BUY,0.0194,10.0
2026-07-11 14:59:37,NOTUSDT,BUY,0.000398,10.0
2026-07-11 14:59:37,IOUSDT,BUY,0.1715,10.0
2026-07-11 14:59:37,ZKUSDT,BUY,0.01075,10.0
2026-07-11 14:59:37,LISTAUSDT,BUY,0.0495,10.0
2026-07-11 14:59:37,ZROUSDT,BUY,0.926,10.0
2026-07-11 14:59:37,GUSDT,BUY,0.0034,10.0
2026-07-11 14:59:37,BANANAUSDT,BUY,3.317,10.0
2026-07-11 14:59:37,RENDERUSDT,BUY,1.578,10.0
2026-07-11 14:59:37,DOGSUSDT,BUY,4.036e-05,10.0
2026-07-11 14:59:37,EURIUSDT,BUY,1.1416,10.0
2026-07-11 14:59:37,POLUSDT,BUY,0.07972,10.0
2026-07-11 14:59:37,NEIROUSDT,BUY,6.462e-05,10.0
2026-07-11 14:59:37,TURBOUSDT,BUY,0.000889,10.0
2026-07-11 14:59:37,1MBABYDOGEUSDT,BUY,0.0003267,10.0
2026-07-11 14:59:37,CATIUSDT,BUY,0.04172,10.0
2026-07-11 14:59:37,HMSTRUSDT,BUY,0.0002191,10.0
2026-07-11 14:59:37,EIGENUSDT,BUY,0.2411,10.0
2026-07-11 14:59:37,SCRUSDT,BUY,0.02719,10.0
2026-07-11 14:59:37,BNSOLUSDT,BUY,88.1,10.0
2026-07-11 14:59:37,LUMIAUSDT,BUY,0.1204,10.0
2026-07-11 14:59:37,KAIAUSDT,BUY,0.0352,10.0
2026-07-11 14:59:37,COWUSDT,BUY,0.1427,10.0
2026-07-11 14:59:37,CETUSUSDT,BUY,0.0183,10.0
2026-07-11 14:59:37,PNUTUSDT,BUY,0.0442,10.0
2026-07-11 14:59:37,ACTUSDT,BUY,0.00911,10.0
2026-07-11 14:59:37,USUALUSDT,BUY,0.00935,10.0
2026-07-11 14:59:37,THEUSDT,BUY,0.0555,10.0
2026-07-11 14:59:37,ACXUSDT,BUY,0.04292,10.0
2026-07-11 14:59:37,ORCAUSDT,BUY,1.201,10.0
2026-07-11 14:59:37,MOVEUSDT,BUY,0.0113,10.0
2026-07-11 14:59:37,MEUSDT,BUY,0.06498,10.0
2026-07-11 14:59:37,VELODROMEUSDT,BUY,0.0221,10.0
2026-07-11 14:59:37,VANAUSDT,BUY,1.212,10.0
2026-07-11 14:59:38,1000CATUSDT,BUY,0.00135,10.0
2026-07-11 14:59:38,PENGUUSDT,BUY,0.006284,10.0
2026-07-11 14:59:38,BIOUSDT,BUY,0.02889,10.0
2026-07-11 14:59:38,AIXBTUSDT,BUY,0.01975,10.0
2026-07-11 14:59:38,CGPTUSDT,BUY,0.01935,10.0
2026-07-11 14:59:38,COOKIEUSDT,BUY,0.0096,10.0
2026-07-11 14:59:38,SUSDT,BUY,0.0265,10.0
2026-07-11 14:59:38,SOLVUSDT,BUY,0.00278,10.0
2026-07-11 14:59:38,TRUMPUSDT,BUY,1.628,10.0
2026-07-11 14:59:38,ANIMEUSDT,BUY,0.00283,10.0
2026-07-11 14:59:38,BERAUSDT,BUY,0.202,10.0
2026-07-11 14:59:38,1000CHEEMSUSDT,BUY,0.000481,10.0
2026-07-11 14:59:38,TSTUSDT,BUY,0.01047,10.0
2026-07-11 14:59:38,LAYERUSDT,BUY,0.0677,10.0
2026-07-11 14:59:38,HEIUSDT,BUY,0.1049,10.0
2026-07-11 14:59:38,KAITOUSDT,BUY,0.6672,10.0
2026-07-11 14:59:38,SHELLUSDT,BUY,0.0221,10.0
2026-07-11 14:59:38,REDUSDT,BUY,0.1109,10.0
2026-07-11 14:59:38,GPSUSDT,BUY,0.01015,10.0
2026-07-11 14:59:38,EPICUSDT,BUY,0.395,10.0
2026-07-11 14:59:38,BMTUSDT,BUY,0.01237,10.0
2026-07-11 14:59:38,FORMUSDT,BUY,0.208,10.0
2026-07-11 14:59:38,XUSDUSDT,BUY,1.0009,10.0
2026-07-11 14:59:38,NILUSDT,BUY,0.03519,10.0
2026-07-11 14:59:38,PARTIUSDT,BUY,0.0328,10.0
2026-07-11 14:59:38,MUBARAKUSDT,BUY,0.01277,10.0
2026-07-11 14:59:38,TUTUSDT,BUY,0.01326,10.0
2026-07-11 14:59:38,BROCCOLI714USDT,BUY,0.01344,10.0
2026-07-11 14:59:38,BANANAS31USDT,BUY,0.007931,10.0
2026-07-11 14:59:38,GUNUSDT,BUY,0.00407,10.0
2026-07-11 14:59:38,BABYUSDT,BUY,0.01332,10.0
2026-07-11 14:59:38,ONDOUSDT,BUY,0.3353,10.0
2026-07-11 14:59:38,BIGTIMEUSDT,BUY,0.00732,10.0
2026-07-11 14:59:38,VIRTUALUSDT,BUY,0.6187,10.0
2026-07-11 14:59:38,KERNELUSDT,BUY,0.0411,10.0
2026-07-11 14:59:38,WCTUSDT,BUY,0.0451,10.0
2026-07-11 14:59:38,HYPERUSDT,BUY,0.0712,10.0
2026-07-11 14:59:38,INITUSDT,BUY,0.0575,10.0
2026-07-11 14:59:38,SIGNUSDT,BUY,0.00899,10.0
2026-07-11 14:59:38,STOUSDT,BUY,0.045,10.0
2026-07-11 14:59:38,SYRUPUSDT,BUY,0.1931,10.0
2026-07-11 14:59:38,KMNOUSDT,BUY,0.01899,10.0
2026-07-11 14:59:38,SXTUSDT,BUY,0.00735,10.0
2026-07-11 14:59:38,NXPCUSDT,BUY,0.2657,10.0
2026-07-11 14:59:38,AWEUSDT,BUY,0.0669,10.0
2026-07-11 14:59:38,HAEDALUSDT,BUY,0.01692,10.0
2026-07-11 14:59:38,USD1USDT,BUY,1.00001,10.0
2026-07-11 14:59:38,HUMAUSDT,BUY,0.02259,10.0
2026-07-11 14:59:38,AUSDT,BUY,0.076,10.0
2026-07-11 14:59:38,SOPHUSDT,BUY,0.00495,10.0
2026-07-11 14:59:38,RESOLVUSDT,BUY,0.0195,10.0
2026-07-11 14:59:38,HOMEUSDT,BUY,0.01542,10.0
2026-07-11 14:59:38,SPKUSDT,BUY,0.017489,10.0
2026-07-11 14:59:38,NEWTUSDT,BUY,0.0488,10.0
2026-07-11 14:59:38,SAHARAUSDT,BUY,0.01042,10.0
2026-07-11 14:59:38,LAUSDT,BUY,0.0604,10.0
2026-07-11 14:59:38,ERAUSDT,BUY,0.0824,10.0
2026-07-11 14:59:38,CUSDT,BUY,0.0689,10.0
2026-07-11 14:59:38,TREEUSDT,BUY,0.0437,10.0
2026-07-11 14:59:38,TOWNSUSDT,BUY,0.00199,10.0
2026-07-11 14:59:38,PROVEUSDT,BUY,0.2027,10.0
2026-07-11 14:59:38,BFUSDUSDT,BUY,0.9994,10.0
2026-07-11 14:59:38,PLUMEUSDT,BUY,0.01044,10.0
2026-07-11 14:59:38,DOLOUSDT,BUY,0.02291,10.0
2026-07-11 14:59:38,MITOUSDT,BUY,0.02197,10.0
2026-07-11 14:59:38,WLFIUSDT,BUY,0.0583,10.0
2026-07-11 14:59:38,SOMIUSDT,BUY,0.1052,10.0
2026-07-11 14:59:38,OPENUSDT,BUY,0.153,10.0
2026-07-11 14:59:38,USDEUSDT,BUY,1.0005,10.0
2026-07-11 14:59:38,LINEAUSDT,BUY,0.002472,10.0
2026-07-11 14:59:38,HOLOUSDT,BUY,0.0733,10.0
2026-07-11 14:59:38,PUMPUSDT,BUY,0.001453,10.0
2026-07-11 14:59:38,AVNTUSDT,BUY,0.0987,10.0
2026-07-11 14:59:38,ZKCUSDT,BUY,0.0451,10.0
2026-07-11 14:59:38,SKYUSDT,BUY,0.06024,10.0
2026-07-11 14:59:38,BARDUSDT,BUY,0.1335,10.0
2026-07-11 14:59:38,0GUSDT,BUY,0.194,10.0
2026-07-11 14:59:38,HEMIUSDT,BUY,0.00454,10.0
2026-07-11 14:59:38,XPLUSDT,BUY,0.09257,10.0
2026-07-11 14:59:38,MIRAUSDT,BUY,0.0445,10.0
2026-07-11 14:59:38,FFUSDT,BUY,0.05821,10.0
2026-07-11 14:59:38,EDENUSDT,BUY,0.04281,10.0
2026-07-11 14:59:38,NOMUSDT,BUY,0.00157,10.0
2026-07-11 14:59:38,2ZUSDT,BUY,0.07135,10.0
2026-07-11 14:59:38,MORPHOUSDT,BUY,2.22,10.0
2026-07-11 14:59:38,ASTERUSDT,BUY,0.632,10.0
2026-07-11 14:59:38,WALUSDT,BUY,0.032,10.0
2026-07-11 14:59:38,EULUSDT,BUY,1.007,10.0
2026-07-11 14:59:38,ENSOUSDT,BUY,0.7,10.0
2026-07-11 14:59:38,YBUSDT,BUY,0.0783,10.0
2026-07-11 14:59:38,ZBTUSDT,BUY,0.1218,10.0
2026-07-11 14:59:38,TURTLEUSDT,BUY,0.0346,10.0
2026-07-11 14:59:38,GIGGLEUSDT,BUY,26.22,10.0
2026-07-11 14:59:38,FUSDT,BUY,0.00351,10.0
2026-07-11 14:59:38,KITEUSDT,BUY,0.1173,10.0
2026-07-11 14:59:38,MMTUSDT,BUY,0.1916,10.0
2026-07-11 14:59:38,SAPIENUSDT,BUY,0.0772,10.0
2026-07-11 14:59:38,ALLOUSDT,BUY,0.3838,10.0
2026-07-11 14:59:38,BANKUSDT,BUY,0.0433,10.0
2026-07-11 14:59:38,METUSDT,BUY,0.1558,10.0
2026-07-11 14:59:38,ATUSDT,BUY,0.1535,10.0
2026-07-11 14:59:38,KGSTUSDT,BUY,0.011445,10.0
2026-07-11 14:59:38,BREVUSDT,BUY,0.0754,10.0
2026-07-11 14:59:38,币安人生USDT,BUY,0.6808,10.0
2026-07-11 14:59:38,ZKPUSDT,BUY,0.0466,10.0
2026-07-11 14:59:38,UUSDT,BUY,1.0007,10.0
2026-07-11 14:59:38,FRAXUSDT,BUY,0.252,10.0
2026-07-11 14:59:38,FOGOUSDT,BUY,0.00985,10.0
2026-07-11 14:59:38,RLUSDUSDT,BUY,1.0008,10.0
2026-07-11 14:59:38,SENTUSDT,BUY,0.01389,10.0
2026-07-11 14:59:38,ZAMAUSDT,BUY,0.03404,10.0
2026-07-11 14:59:38,ESPUSDT,BUY,0.0684,10.0
2026-07-11 14:59:38,MANTRAUSDT,BUY,0.00663,10.0
2026-07-11 14:59:38,ROBOUSDT,BUY,0.01352,10.0
2026-07-11 14:59:38,OPNUSDT,BUY,0.0645,10.0
2026-07-11 14:59:38,NIGHTUSDT,BUY,0.03152,10.0
2026-07-11 14:59:38,CFGUSDT,BUY,0.1923,10.0
2026-07-11 14:59:38,KATUSDT,BUY,0.00547,10.0
2026-07-11 14:59:38,XAUTUSDT,BUY,4111.26,10.0
2026-07-11 14:59:38,USDSUSDT,BUY,1.0007,10.0
2026-07-11 14:59:38,CHIPUSDT,BUY,0.03245,10.0
2026-07-11 14:59:38,MEGAUSDT,BUY,0.04781,10.0
2026-07-11 14:59:38,AIGENSYNUSDT,BUY,0.0265,10.0
2026-07-11 14:59:38,GENIUSUSDT,BUY,0.3481,10.0
2026-07-11 14:59:38,OPGUSDT,BUY,0.1186,10.0
2026-07-11 14:59:38,MUBUSDT,BUY,982.98,10.0
2026-07-11 14:59:38,CRCLBUSDT,BUY,66.86,10.0
2026-07-11 14:59:38,NVDABUSDT,BUY,209.48,10.0
2026-07-11 14:59:38,SNDKBUSDT,BUY,1942.57,10.0
2026-07-11 14:59:38,TSLABUSDT,BUY,408.64,10.0
2026-07-11 14:59:38,SPCXBUSDT,BUY,146.1,10.0
2026-07-11 14:59:38,REUSDT,BUY,0.5848,10.0
2026-07-11 14:59:38,AMDBUSDT,BUY,563.2,10.0
2026-07-11 14:59:38,EWYBUSDT,BUY,183.45,10.0
2026-07-11 14:59:38,INTCBUSDT,BUY,112.4,10.0
2026-07-11 14:59:38,MSTRBUSDT,BUY,96.46,10.0
2026-07-11 14:59:38,LITEBUSDT,BUY,795.23,10.0
2026-07-11 14:59:38,METABUSDT,BUY,673.0,10.0
2026-07-11 14:59:38,MSFTBUSDT,BUY,386.34,10.0
2026-07-11 14:59:38,PLTRBUSDT,BUY,126.72,10.0
2026-07-11 14:59:38,QQQBUSDT,BUY,728.83,10.0
2026-07-11 14:59:38,GRAMUSDT,BUY,1.678,10.0
2026-07-11 14:59:38,CBRSBUSDT,BUY,210.35,10.0
2026-07-11 14:59:38,COINBUSDT,BUY,161.21,10.0
2026-07-11 14:59:38,DRAMBUSDT,BUY,63.26,10.0
2026-07-11 14:59:38,GLWBUSDT,BUY,190.53,10.0
2026-07-11 14:59:38,GOOGLBUSDT,BUY,357.48,10.0
2026-07-11 14:59:38,NBISBUSDT,BUY,220.27,10.0
2026-07-11 14:59:38,QCOMBUSDT,BUY,187.8,10.0
2026-07-11 14:59:38,SOXLBUSDT,BUY,195.77,10.0
2026-07-11 14:59:38,SPYBUSDT,BUY,756.0,10.0
2026-07-11 14:59:38,WDCBUSDT,BUY,581.85,10.0
2026-07-12 14:27:15,USDCUSDT,BUY,1.00042,60.0
2026-07-12 14:27:15,ZECUSDT,BUY,529.05,60.0
2026-07-12 14:27:15,ENJUSDT,BUY,0.02833,60.0
2026-07-12 14:27:15,DUSKUSDT,BUY,0.0777,60.0
2026-07-12 14:27:15,KAVAUSDT,BUY,0.04441,60.0
2026-07-12 14:27:15,FTTUSDT,BUY,0.2209,60.0
2026-07-12 14:27:15,DCRUSDT,BUY,11.28,60.0
2026-07-12 14:27:15,NMRUSDT,BUY,9.63,60.0
2026-07-12 14:27:15,BELUSDT,BUY,0.1085,60.0
2026-07-12 14:27:15,NEARUSDT,BUY,1.884,60.0
2026-07-12 14:27:15,DODOUSDT,BUY,0.01621,60.0
2026-07-12 14:27:15,PUNDIXUSDT,BUY,0.0932,60.0
2026-07-12 14:27:15,DEXEUSDT,BUY,45.837,60.0
2026-07-12 14:27:15,PYRUSDT,BUY,0.16,60.0
2026-07-12 14:27:15,BICOUSDT,BUY,0.0141,60.0
2026-07-12 14:27:15,BTTCUSDT,BUY,2.7e-07,60.0
2026-07-12 14:27:15,APTUSDT,BUY,0.621,60.0
2026-07-12 14:27:15,OSMOUSDT,BUY,0.035,60.0
2026-07-12 14:27:15,WLDUSDT,BUY,0.4203,60.0
2026-07-12 14:27:15,ORDIUSDT,BUY,3.521,60.0
2026-07-12 14:27:15,PIVXUSDT,BUY,0.0388,60.0
2026-07-12 14:27:15,BONKUSDT,BUY,4.02e-06,60.0
2026-07-12 14:27:15,JUPUSDT,BUY,0.2029,60.0
2026-07-12 14:27:15,WIFUSDT,BUY,0.1499,60.0
2026-07-12 14:27:15,ENAUSDT,BUY,0.0813,60.0
2026-07-12 14:27:15,ZKUSDT,BUY,0.01048,60.0
2026-07-12 14:27:15,TURBOUSDT,BUY,0.000844,60.0
2026-07-12 14:27:15,HMSTRUSDT,BUY,0.0002068,60.0
2026-07-12 14:27:15,KAIAUSDT,BUY,0.0349,60.0
2026-07-12 14:27:15,ACTUSDT,BUY,0.0088,60.0
2026-07-12 14:27:15,THEUSDT,BUY,0.0535,60.0
2026-07-12 14:27:15,PENGUUSDT,BUY,0.00607,60.0
2026-07-12 14:27:15,TRUMPUSDT,BUY,1.573,60.0
2026-07-12 14:27:15,HEIUSDT,BUY,0.1151,60.0
2026-07-12 14:27:15,EPICUSDT,BUY,0.397,60.0
2026-07-12 14:27:15,BANANAS31USDT,BUY,0.007675,60.0
2026-07-12 14:27:15,GUNUSDT,BUY,0.00415,60.0
2026-07-12 14:27:15,USD1USDT,BUY,0.99978,60.0
2026-07-12 14:27:15,WLFIUSDT,BUY,0.0582,60.0
2026-07-12 14:27:15,XPLUSDT,BUY,0.09201,60.0
2026-07-12 14:27:15,EULUSDT,BUY,1.038,60.0
2026-07-12 14:27:15,FUSDT,BUY,0.00342,60.0
2026-07-12 14:27:15,BREVUSDT,BUY,0.0764,60.0
2026-07-12 14:27:15,UUSDT,BUY,1.0005,60.0
2026-07-12 14:27:15,MUBUSDT,BUY,980.5,60.0
2026-07-12 14:27:15,INTCBUSDT,BUY,111.49,60.0
2026-07-12 14:27:15,GRAMUSDT,BUY,1.641,60.0
2026-07-12 14:36:40,ADAUSDT,BUY,0.1644,60.0
2026-07-12 14:36:40,XRPUSDT,BUY,1.0977,56.4
2026-07-12 14:36:40,IOTAUSDT,BUY,0.039,53.02
2026-07-12 14:36:40,XLMUSDT,BUY,0.1873,49.83
2026-07-12 14:36:40,ETCUSDT,BUY,6.92,46.84
2026-07-12 14:36:40,USDCUSDT,BUY,1.00043,44.03
2026-07-12 14:36:40,ZECUSDT,BUY,529.84,44.03
2026-07-12 14:36:40,THETAUSDT,BUY,0.1492,44.03
2026-07-12 14:36:40,DOGEUSDT,BUY,0.07334,44.03
2026-07-12 14:36:40,BANDUSDT,BUY,0.1709,44.03
2026-07-12 14:36:40,BCHUSDT,BUY,245.5,44.03
2026-07-12 14:36:40,COTIUSDT,BUY,0.00806,44.03
2026-07-12 14:36:40,STORJUSDT,BUY,0.0751,44.03
2026-07-12 14:36:40,YFIUSDT,BUY,2136.0,44.03
2026-07-12 14:36:40,DOTUSDT,BUY,0.842,44.03
2026-07-12 14:36:40,TRBUSDT,BUY,15.07,44.03
2026-07-12 14:36:40,UNIUSDT,BUY,3.633,44.03
2026-07-12 14:36:40,FILUSDT,BUY,0.782,44.03
2026-07-12 14:36:40,INJUSDT,BUY,4.873,44.03
2026-07-12 14:36:40,AVAUSDT,BUY,0.1655,44.03
2026-07-12 14:36:40,PSGUSDT,BUY,0.532,44.03
2026-07-12 14:36:40,CKBUSDT,BUY,0.000919,44.03
2026-07-12 14:36:40,SFPUSDT,BUY,0.225,44.03
2026-07-12 14:36:40,CFXUSDT,BUY,0.04354,44.03
2026-07-12 14:36:40,BARUSDT,BUY,0.273,44.03
2026-07-12 14:36:40,QNTUSDT,BUY,65.91,44.03
2026-07-12 14:36:40,WAXPUSDT,BUY,0.00404,44.03
2026-07-12 14:36:40,DYDXUSDT,BUY,0.13322,44.03
2026-07-12 14:36:40,AGLDUSDT,BUY,0.1817,44.03
2026-07-12 14:36:40,ADXUSDT,BUY,0.0614,44.03
2026-07-12 14:36:40,CVXUSDT,BUY,1.246,44.03
2026-07-12 14:36:40,ACHUSDT,BUY,0.00445,44.03
2026-07-12 14:36:40,OSMOUSDT,BUY,0.035,44.03
2026-07-12 14:36:40,PEPEUSDT,BUY,2.78e-06,44.03
2026-07-12 14:36:40,FLOKIUSDT,BUY,2.265e-05,44.03
2026-07-12 14:36:40,PIVXUSDT,BUY,0.0389,44.03
2026-07-12 14:36:40,BLURUSDT,BUY,0.017,44.03
2026-07-12 14:36:40,BONKUSDT,BUY,4.02e-06,44.03
2026-07-12 14:36:40,PIXELUSDT,BUY,0.0047,44.03
2026-07-12 14:36:40,AEVOUSDT,BUY,0.01909,44.03
2026-07-12 14:36:40,ENAUSDT,BUY,0.0813,44.03
2026-07-12 14:36:40,WUSDT,BUY,0.00969,44.03
2026-07-12 14:36:40,NOTUSDT,BUY,0.000382,44.03
2026-07-12 14:36:40,DOGSUSDT,BUY,3.878e-05,44.03
2026-07-12 14:36:40,EIGENUSDT,BUY,0.2308,44.03
2026-07-12 14:36:40,BNSOLUSDT,BUY,86.4,44.03
2026-07-12 14:36:40,COWUSDT,BUY,0.1396,44.03
2026-07-12 14:36:40,MEUSDT,BUY,0.06431,44.03
2026-07-12 14:36:40,AIXBTUSDT,BUY,0.01917,44.03
2026-07-12 14:36:40,1000CHEEMSUSDT,BUY,0.000468,44.03
2026-07-12 14:36:40,TSTUSDT,BUY,0.01063,44.03
2026-07-12 14:36:40,BABYUSDT,BUY,0.01308,44.03
2026-07-12 14:36:40,ONDOUSDT,BUY,0.3266,44.03
2026-07-12 14:36:40,AUSDT,BUY,0.0733,44.03
2026-07-12 14:36:40,NEWTUSDT,BUY,0.0476,44.03
2026-07-12 14:36:40,SAHARAUSDT,BUY,0.01009,44.03
2026-07-12 14:36:40,TREEUSDT,BUY,0.0446,44.03
2026-07-12 14:36:40,PROVEUSDT,BUY,0.2002,44.03
2026-07-12 14:36:40,WLFIUSDT,BUY,0.0582,44.03
2026-07-12 14:36:40,OPENUSDT,BUY,0.1488,44.03
2026-07-12 14:36:40,HEMIUSDT,BUY,0.0044,44.03
2026-07-12 14:36:40,XPLUSDT,BUY,0.092,44.03
2026-07-12 14:36:40,2ZUSDT,BUY,0.0714,44.03
2026-07-12 14:36:40,ASTERUSDT,BUY,0.624,44.03
2026-07-12 14:36:40,FUSDT,BUY,0.00341,44.03
2026-07-12 14:36:40,BANKUSDT,BUY,0.0424,44.03
2026-07-12 14:36:40,KGSTUSDT,BUY,0.011445,44.03
2026-07-12 14:36:40,FOGOUSDT,BUY,0.0097,44.03
2026-07-12 14:36:40,CRCLBUSDT,BUY,66.99,44.03
2026-07-12 14:36:40,NVDABUSDT,BUY,211.9,44.03
2026-07-12 14:36:40,SNDKBUSDT,BUY,1949.83,44.03
2026-07-12 14:36:40,TSLABUSDT,BUY,408.41,44.03
2026-07-12 14:36:40,GRAMUSDT,BUY,1.643,44.03
2026-07-12 14:36:40,GOOGLBUSDT,BUY,358.56,44.03
2026-07-12 14:56:54,BNBUSDT,BUY,581.8,100.0
2026-07-12 14:56:54,ADAUSDT,BUY,0.1651,100.0
2026-07-12 14:56:54,XRPUSDT,BUY,1.1022,100.0
2026-07-12 14:56:54,ETCUSDT,BUY,6.94,100.0
2026-07-12 14:56:54,ZRXUSDT,BUY,0.0875,100.0
2026-07-12 14:56:54,ZECUSDT,BUY,533.59,100.0
2026-07-12 14:56:54,IOSTUSDT,BUY,0.000711,100.0
2026-07-12 14:56:54,CELRUSDT,BUY,0.001786,100.0
2026-07-12 14:56:54,ENJUSDT,BUY,0.02845,100.0
2026-07-12 14:56:54,DOGEUSDT,BUY,0.07372,100.0
2026-07-12 14:56:54,ANKRUSDT,BUY,0.00372,100.0
2026-07-12 14:56:54,RVNUSDT,BUY,0.00382,100.0
2026-07-12 14:56:54,HBARUSDT,BUY,0.06771,100.0
2026-07-12 14:56:54,RLCUSDT,BUY,0.299,100.0
2026-07-12 14:56:54,FTTUSDT,BUY,0.2207,100.0
2026-07-12 14:56:54,EURUSDT,BUY,1.1418,100.0
2026-07-12 14:56:54,LSKUSDT,BUY,0.0881,100.0
2026-07-12 14:56:54,MBLUSDT,BUY,0.000704,100.0
2026-07-12 14:56:54,COTIUSDT,BUY,0.00809,100.0
2026-07-12 14:56:54,CHRUSDT,BUY,0.0157,100.0
2026-07-12 14:56:54,COMPUSDT,BUY,16.95,100.0
2026-07-12 14:56:54,DCRUSDT,BUY,11.34,100.0
2026-07-12 14:56:54,SANDUSDT,BUY,0.04866,100.0
2026-07-12 14:56:54,UMAUSDT,BUY,0.378,100.0
2026-07-12 14:56:54,UNIUSDT,BUY,3.651,100.0
2026-07-12 14:56:54,AAVEUSDT,BUY,99.15,100.0
2026-07-12 14:56:54,FILUSDT,BUY,0.785,100.0
2026-07-12 14:56:54,AUDIOUSDT,BUY,0.01361,100.0
2026-07-12 14:56:54,ROSEUSDT,BUY,0.0058,100.0
2026-07-12 14:56:54,GRTUSDT,BUY,0.01763,100.0
2026-07-12 14:56:54,JUVUSDT,BUY,0.319,100.0
2026-07-12 14:56:54,DODOUSDT,BUY,0.01621,100.0
2026-07-12 14:56:54,CAKEUSDT,BUY,1.426,100.0
2026-07-12 14:56:54,ALICEUSDT,BUY,0.1233,100.0
2026-07-12 14:56:54,TKOUSDT,BUY,0.0462,100.0
2026-07-12 14:56:54,SLPUSDT,BUY,0.000534,100.0
2026-07-12 14:56:54,SHIBUSDT,BUY,4.31e-06,100.0
2026-07-12 14:56:54,ARUSDT,BUY,1.981,100.0
2026-07-12 14:56:54,GNOUSDT,BUY,109.59,100.0
2026-07-12 14:56:54,GALAUSDT,BUY,0.002088,100.0
2026-07-12 14:56:54,CITYUSDT,BUY,0.392,100.0
2026-07-12 14:56:54,QIUSDT,BUY,0.00118,100.0
2026-07-12 14:56:54,PORTOUSDT,BUY,0.407,100.0
2026-07-12 14:56:54,POWRUSDT,BUY,0.0449,100.0
2026-07-12 14:56:54,AMPUSDT,BUY,0.000441,100.0
2026-07-12 14:56:54,BICOUSDT,BUY,0.01412,100.0
2026-07-12 14:56:54,JOEUSDT,BUY,0.0282,100.0
2026-07-12 14:56:54,SCRTUSDT,BUY,0.0407,100.0
2026-07-12 14:56:54,ALPINEUSDT,BUY,0.31,100.0
2026-07-12 14:56:54,NEXOUSDT,BUY,0.751,100.0
2026-07-12 14:56:54,LDOUSDT,BUY,0.3088,100.0
2026-07-12 14:56:54,LUNCUSDT,BUY,6.132e-05,100.0
2026-07-12 14:56:54,APTUSDT,BUY,0.625,100.0
2026-07-12 14:56:54,QKCUSDT,BUY,0.001967,100.0
2026-07-12 14:56:54,ARBUSDT,BUY,0.0961,100.0
2026-07-12 14:56:54,MAVUSDT,BUY,0.00963,100.0
2026-07-12 14:56:54,WLDUSDT,BUY,0.4259,100.0
2026-07-12 14:56:54,FDUSDUSDT,BUY,0.9978,100.0
2026-07-12 14:56:54,SEIUSDT,BUY,0.04925,100.0
2026-07-12 14:56:54,CYBERUSDT,BUY,0.362,100.0
2026-07-12 14:56:54,TIAUSDT,BUY,0.4044,100.0
2026-07-12 14:56:54,MEMEUSDT,BUY,0.000558,100.0
2026-07-12 14:56:54,VICUSDT,BUY,0.0416,100.0
2026-07-12 14:56:54,VANRYUSDT,BUY,0.006502,100.0
2026-07-12 14:56:54,AIUSDT,BUY,0.0204,100.0
2026-07-12 14:56:54,MANTAUSDT,BUY,0.05759,100.0
2026-07-12 14:56:54,RONINUSDT,BUY,0.0552,100.0
2026-07-12 14:56:54,ENAUSDT,BUY,0.0817,100.0
2026-07-12 14:56:54,WUSDT,BUY,0.00972,100.0
2026-07-12 14:56:54,SAGAUSDT,BUY,0.01285,100.0
2026-07-12 14:56:54,REZUSDT,BUY,0.002618,100.0
2026-07-12 14:56:54,LISTAUSDT,BUY,0.0486,100.0
2026-07-12 14:56:54,ZROUSDT,BUY,0.883,100.0
2026-07-12 14:56:54,BANANAUSDT,BUY,3.408,100.0
2026-07-12 14:56:54,RENDERUSDT,BUY,1.557,100.0
2026-07-12 14:56:54,NEIROUSDT,BUY,6.215e-05,100.0
2026-07-12 14:56:54,EIGENUSDT,BUY,0.2335,100.0
2026-07-12 14:56:54,LUMIAUSDT,BUY,0.1212,100.0
2026-07-12 14:56:54,USUALUSDT,BUY,0.00977,100.0
2026-07-12 14:56:54,MEUSDT,BUY,0.06436,100.0
2026-07-12 14:56:54,PENGUUSDT,BUY,0.006104,100.0
2026-07-12 14:56:54,TRUMPUSDT,BUY,1.584,100.0
2026-07-12 14:56:54,1000CHEEMSUSDT,BUY,0.000469,100.0
2026-07-12 14:56:54,PARTIUSDT,BUY,0.0324,100.0
2026-07-12 14:56:54,BROCCOLI714USDT,BUY,0.01276,100.0
2026-07-12 14:56:54,BANANAS31USDT,BUY,0.0077,100.0
2026-07-12 14:56:54,HYPERUSDT,BUY,0.0682,100.0
2026-07-12 14:56:54,AUSDT,BUY,0.0734,100.0
2026-07-12 14:56:54,MITOUSDT,BUY,0.02134,100.0
2026-07-12 14:56:54,HOLOUSDT,BUY,0.0726,100.0
2026-07-12 14:56:54,ZKCUSDT,BUY,0.0446,100.0
2026-07-12 14:56:54,XPLUSDT,BUY,0.09241,100.0
2026-07-12 14:56:54,FFUSDT,BUY,0.06039,100.0
2026-07-12 14:56:54,ASTERUSDT,BUY,0.626,100.0
2026-07-12 14:56:54,ZBTUSDT,BUY,0.1173,100.0
2026-07-12 14:56:54,TURTLEUSDT,BUY,0.0341,100.0
2026-07-12 14:56:54,GIGGLEUSDT,BUY,26.94,100.0
2026-07-12 14:56:54,KITEUSDT,BUY,0.1157,100.0
2026-07-12 14:56:54,SAPIENUSDT,BUY,0.0783,100.0
2026-07-12 14:56:54,ALLOUSDT,BUY,0.3719,100.0
2026-07-12 14:56:54,METUSDT,BUY,0.1509,100.0
2026-07-12 14:56:54,SENTUSDT,BUY,0.01333,100.0
2026-07-12 14:56:54,ESPUSDT,BUY,0.06436,100.0
2026-07-12 14:56:54,OPNUSDT,BUY,0.0664,100.0
2026-07-12 14:56:54,GENIUSUSDT,BUY,0.3404,100.0
2026-07-12 14:56:54,NVDABUSDT,BUY,212.29,100.0
2026-07-12 14:56:54,SNDKBUSDT,BUY,1950.63,100.0
2026-07-12 14:56:54,TSLABUSDT,BUY,408.64,100.0
2026-07-12 14:56:54,SPCXBUSDT,BUY,145.73,100.0
2026-07-12 14:56:54,DRAMBUSDT,BUY,63.29,100.0
2026-07-12 14:56:54,GOOGLBUSDT,BUY,358.78,100.0
2026-07-12 14:56:54,QCOMBUSDT,BUY,186.54,100.0
2026-07-12 14:56:54,WDCBUSDT,BUY,580.16,100.0
2026-07-12 15:08:38,ETHUSDT,BUY,1821.92,100.0
2026-07-12 15:08:38,XLMUSDT,BUY,0.1889,100.0
2026-07-12 15:08:38,THETAUSDT,BUY,0.15,100.0
2026-07-12 15:08:38,TFUELUSDT,BUY,0.00796,100.0
2026-07-12 15:08:38,WINUSDT,BUY,2.106e-05,100.0
2026-07-12 15:08:38,HBARUSDT,BUY,0.06787,100.0
2026-07-12 15:08:38,MBLUSDT,BUY,0.000703,100.0
2026-07-12 15:08:38,COTIUSDT,BUY,0.00811,100.0
2026-07-12 15:08:38,KNCUSDT,BUY,0.1107,0
2026-07-12 15:08:38,SCUSDT,BUY,0.000622,0
2026-07-12 15:08:38,SUSHIUSDT,BUY,0.1644,0
2026-07-12 15:08:38,UMAUSDT,BUY,0.379,0
2026-07-12 15:08:38,AAVEUSDT,BUY,99.25,0
2026-07-12 15:08:38,GRTUSDT,BUY,0.01765,0
2026-07-12 15:08:38,1INCHUSDT,BUY,0.0738,0
2026-07-12 15:08:38,CAKEUSDT,BUY,1.427,0
2026-07-12 15:08:38,PUNDIXUSDT,BUY,0.0945,0
2026-07-12 15:08:38,MINAUSDT,BUY,0.0433,0
2026-07-12 15:08:38,GNOUSDT,BUY,109.57,0
2026-07-12 15:08:38,LAZIOUSDT,BUY,0.371,0
2026-07-12 15:08:38,ENSUSDT,BUY,4.15,0
2026-07-12 15:08:38,SPELLUSDT,BUY,9.04e-05,0
2026-07-12 15:08:38,BTTCUSDT,BUY,2.7e-07,0
2026-07-12 15:08:38,QKCUSDT,BUY,0.001971,0
2026-07-12 15:08:38,PEPEUSDT,BUY,2.81e-06,0
2026-07-12 15:08:38,WBETHUSDT,BUY,2005.69,0
2026-07-12 15:08:38,WLDUSDT,BUY,0.4278,0
2026-07-12 15:08:38,TIAUSDT,BUY,0.4054,0
2026-07-12 15:08:38,JTOUSDT,BUY,0.614,0
2026-07-12 15:08:38,RONINUSDT,BUY,0.0552,0
2026-07-12 15:08:38,REZUSDT,BUY,0.00262,0
2026-07-12 15:08:38,BANANAUSDT,BUY,3.418,0
2026-07-12 15:08:38,DOGSUSDT,BUY,3.907e-05,0
2026-07-12 15:08:38,CATIUSDT,BUY,0.0402,0
2026-07-12 15:08:38,ORCAUSDT,BUY,1.168,0
2026-07-12 15:08:38,TRUMPUSDT,BUY,1.587,0
2026-07-12 15:08:38,BERAUSDT,BUY,0.195,0
2026-07-12 15:08:38,PARTIUSDT,BUY,0.0325,0
2026-07-12 15:08:38,TUTUSDT,BUY,0.01234,0
2026-07-12 15:08:38,GUNUSDT,BUY,0.00418,0
2026-07-12 15:08:38,BIGTIMEUSDT,BUY,0.0072,0
2026-07-12 15:08:38,HYPERUSDT,BUY,0.0685,0
2026-07-12 15:08:38,KMNOUSDT,BUY,0.01872,0
2026-07-12 15:08:38,AUSDT,BUY,0.0736,0
2026-07-12 15:08:38,HOMEUSDT,BUY,0.01462,0
2026-07-12 15:08:38,LAUSDT,BUY,0.0587,0
2026-07-12 15:08:38,PROVEUSDT,BUY,0.2008,0
2026-07-12 15:08:38,LINEAUSDT,BUY,0.0024,0
2026-07-12 15:08:38,HOLOUSDT,BUY,0.0728,0
2026-07-12 15:08:38,FFUSDT,BUY,0.06043,0
2026-07-12 15:08:38,EDENUSDT,BUY,0.04357,0
2026-07-12 15:08:38,FUSDT,BUY,0.00344,0
2026-07-12 15:08:38,SAPIENUSDT,BUY,0.0785,0
2026-07-12 15:08:38,SENTUSDT,BUY,0.01333,0
2026-07-12 15:08:38,ESPUSDT,BUY,0.06444,0
2026-07-12 15:08:38,GENIUSUSDT,BUY,0.341,0
2026-07-12 15:08:38,PLTRBUSDT,BUY,126.58,0
2026-07-12 15:08:38,GLWBUSDT,BUY,189.47,0
2026-07-12 15:37:01,HIVEUSDT,BUY,0.0494,76.0
2026-07-12 15:37:01,COMPUSDT,BUY,16.99,72.0
2026-07-12 15:37:01,VTHOUSDT,BUY,0.000372,86.0
2026-07-12 15:37:01,DGBUSDT,BUY,0.00252,86.0
2026-07-12 15:37:01,DCRUSDT,BUY,11.41,72.0
2026-07-12 15:37:01,AUDIOUSDT,BUY,0.0136,82.0
2026-07-12 15:37:01,ROSEUSDT,BUY,0.00581,76.0
2026-07-12 15:37:01,AVAUSDT,BUY,0.167,76.0
2026-07-12 15:37:01,OGUSDT,BUY,2.635,0
2026-07-12 15:37:01,ATMUSDT,BUY,2.668,0
2026-07-12 15:37:01,ASRUSDT,BUY,0.872,0
2026-07-12 15:37:01,DODOUSDT,BUY,0.01642,0
2026-07-12 15:37:01,SUPERUSDT,BUY,0.0872,0
2026-07-12 15:37:01,CFXUSDT,BUY,0.04411,0
2026-07-12 15:37:01,TKOUSDT,BUY,0.0463,0
2026-07-12 15:37:01,LPTUSDT,BUY,1.556,0
2026-07-12 15:37:01,DEXEUSDT,BUY,47.14,0
2026-07-12 15:37:01,C98USDT,BUY,0.01387,0
2026-07-12 15:37:01,YGGUSDT,BUY,0.02216,0
2026-07-12 15:37:01,ADXUSDT,BUY,0.0616,0
2026-07-12 15:37:01,QIUSDT,BUY,0.00118,0
2026-07-12 15:37:01,FLUXUSDT,BUY,0.0448,0
2026-07-12 15:37:01,CVXUSDT,BUY,1.256,0
2026-07-12 15:37:01,IMXUSDT,BUY,0.1336,0
2026-07-12 15:37:01,BTTCUSDT,BUY,2.7e-07,0
2026-07-12 15:37:01,APEUSDT,BUY,0.1543,0
2026-07-12 15:37:01,HFTUSDT,BUY,0.0093,0
2026-07-12 15:37:01,PROMUSDT,BUY,1.311,0
2026-07-12 15:37:01,QKCUSDT,BUY,0.001973,0
2026-07-12 15:37:01,SUIUSDT,BUY,0.7436,0
2026-07-12 15:37:01,MAVUSDT,BUY,0.00966,0
2026-07-12 15:37:01,PENDLEUSDT,BUY,1.544,0
2026-07-12 15:37:01,TIAUSDT,BUY,0.4073,0
2026-07-12 15:37:01,PIVXUSDT,BUY,0.039,0
2026-07-12 15:37:01,AIUSDT,BUY,0.0204,0
2026-07-12 15:37:01,JUPUSDT,BUY,0.2038,0
2026-07-12 15:37:01,ZROUSDT,BUY,0.881,0
2026-07-12 15:37:01,NEIROUSDT,BUY,6.21e-05,0
2026-07-12 15:37:01,SCRUSDT,BUY,0.02636,0
2026-07-12 15:37:01,THEUSDT,BUY,0.054,0
2026-07-12 15:37:01,BROCCOLI714USDT,BUY,0.01282,0
2026-07-12 15:37:01,SIGNUSDT,BUY,0.00875,0
2026-07-12 15:37:01,SXTUSDT,BUY,0.00936,0
2026-07-12 15:37:01,USD1USDT,BUY,0.99981,0
2026-07-12 15:37:01,SOPHUSDT,BUY,0.00481,0
2026-07-12 15:37:01,SPKUSDT,BUY,0.017112,0
2026-07-12 15:37:01,NEWTUSDT,BUY,0.0476,0
2026-07-12 15:37:01,SAHARAUSDT,BUY,0.01031,0
2026-07-12 15:37:01,TREEUSDT,BUY,0.0447,0
2026-07-12 15:37:01,MITOUSDT,BUY,0.0213,0
2026-07-12 15:37:01,LINEAUSDT,BUY,0.002402,0
2026-07-12 15:37:01,ZKCUSDT,BUY,0.0447,0
2026-07-12 15:37:01,HEMIUSDT,BUY,0.00454,0
2026-07-12 15:37:01,FFUSDT,BUY,0.06034,0
2026-07-12 15:37:01,EULUSDT,BUY,1.048,0
2026-07-12 15:37:01,ENSOUSDT,BUY,0.723,0
2026-07-12 15:37:01,KITEUSDT,BUY,0.1163,0
2026-07-12 15:37:01,ZKPUSDT,BUY,0.0453,0
2026-07-12 15:37:01,RLUSDUSDT,BUY,1.0007,0
2026-07-12 15:37:01,CFGUSDT,BUY,0.186,0
2026-07-12 15:37:01,MSTRBUSDT,BUY,96.65,0
2026-07-12 15:37:01,QQQBUSDT,BUY,727.98,0
2026-07-12 20:03:40,BTCUSDT,BUY,64219.62,72.0
2026-07-12 20:03:40,LTCUSDT,BUY,44.65,86.0
2026-07-12 20:03:40,ADAUSDT,BUY,0.1643,78.0
2026-07-12 20:03:40,VETUSDT,BUY,0.004921,82.0
2026-07-12 20:03:40,LINKUSDT,BUY,8.076,72.0
2026-07-12 20:03:40,ZILUSDT,BUY,0.003,86.0
2026-07-12 20:03:40,FETUSDT,BUY,0.1598,86.0
2026-07-12 20:03:40,IOSTUSDT,BUY,0.000713,78.0
2026-07-12 20:03:40,ONEUSDT,BUY,0.00118,0
2026-07-12 20:03:40,DUSKUSDT,BUY,0.0769,0
2026-07-12 20:03:40,ANKRUSDT,BUY,0.0037,0
2026-07-12 20:03:40,CVCUSDT,BUY,0.02036,0
2026-07-12 20:03:40,CHZUSDT,BUY,0.01707,0
2026-07-12 20:03:40,XTZUSDT,BUY,0.229,0
2026-07-12 20:03:40,FTTUSDT,BUY,0.2205,0
2026-07-12 20:03:40,CHRUSDT,BUY,0.01514,0
2026-07-12 20:03:40,KNCUSDT,BUY,0.1103,0
2026-07-12 20:03:40,STORJUSDT,BUY,0.0754,0
2026-07-12 20:03:40,MANAUSDT,BUY,0.07,0
2026-07-12 20:03:40,UNIUSDT,BUY,3.678,0
2026-07-12 20:03:40,NEARUSDT,BUY,1.935,0
2026-07-12 20:03:40,FILUSDT,BUY,0.778,0
2026-07-12 20:03:40,INJUSDT,BUY,4.898,0
2026-07-12 20:03:40,SKLUSDT,BUY,0.00446,0
2026-07-12 20:03:40,JUVUSDT,BUY,0.32,0
2026-07-12 20:03:40,PSGUSDT,BUY,0.531,0
2026-07-12 20:03:40,CKBUSDT,BUY,0.000921,0
2026-07-12 20:03:40,ACMUSDT,BUY,0.284,0
2026-07-12 20:03:40,CFXUSDT,BUY,0.0449,0
2026-07-12 20:03:40,TLMUSDT,BUY,0.001989,0
2026-07-12 20:03:40,ICPUSDT,BUY,2.266,0
2026-07-12 20:03:40,DEXEUSDT,BUY,48.142,0
2026-07-12 20:03:40,C98USDT,BUY,0.01376,0
2026-07-12 20:03:40,QUICKUSDT,BUY,0.00773,0
2026-07-12 20:03:40,GALAUSDT,BUY,0.002072,0
2026-07-12 20:03:40,YGGUSDT,BUY,0.02198,0
2026-07-12 20:03:40,ADXUSDT,BUY,0.0613,0
2026-07-12 20:03:40,NEXOUSDT,BUY,0.745,0
2026-07-12 20:03:40,LDOUSDT,BUY,0.3096,0
2026-07-12 20:03:40,OPUSDT,BUY,0.1023,0
2026-07-12 20:03:40,LUNCUSDT,BUY,6.102e-05,0
2026-07-12 20:03:40,OSMOUSDT,BUY,0.035,0
2026-07-12 20:03:40,GNSUSDT,BUY,0.614,0
2026-07-12 20:03:40,USTCUSDT,BUY,0.00563,0
2026-07-12 20:03:40,GASUSDT,BUY,1.063,0
2026-07-12 20:03:40,ARKMUSDT,BUY,0.1128,0
2026-07-12 20:03:40,SEIUSDT,BUY,0.04917,0
2026-07-12 20:03:40,IQUSDT,BUY,0.00076,0
2026-07-12 20:03:40,TIAUSDT,BUY,0.4059,0
2026-07-12 20:03:40,AIUSDT,BUY,0.0203,0
2026-07-12 20:03:40,XAIUSDT,BUY,0.007,0
2026-07-12 20:03:40,ENAUSDT,BUY,0.0813,0
2026-07-12 20:03:40,TNSRUSDT,BUY,0.0315,0
2026-07-12 20:03:40,TAOUSDT,BUY,213.1,0
2026-07-12 20:03:40,REZUSDT,BUY,0.002598,0
2026-07-12 20:03:40,IOUSDT,BUY,0.1644,0
2026-07-12 20:03:40,RENDERUSDT,BUY,1.556,0
2026-07-12 20:03:40,CETUSUSDT,BUY,0.0182,0
2026-07-12 20:03:40,USUALUSDT,BUY,0.00931,0
2026-07-12 20:03:40,PENGUUSDT,BUY,0.006083,0
2026-07-12 20:03:40,CGPTUSDT,BUY,0.01884,0
2026-07-12 20:03:40,PARTIUSDT,BUY,0.0313,0
2026-07-12 20:03:40,MUBARAKUSDT,BUY,0.01265,0
2026-07-12 20:03:40,GUNUSDT,BUY,0.00406,0
2026-07-12 20:03:40,BIGTIMEUSDT,BUY,0.00717,0
2026-07-12 20:03:40,WCTUSDT,BUY,0.04427,0
2026-07-12 20:03:40,NXPCUSDT,BUY,0.2611,0
2026-07-12 20:03:40,SPKUSDT,BUY,0.017092,0
2026-07-12 20:03:40,DOLOUSDT,BUY,0.0223,0
2026-07-12 20:03:40,SOMIUSDT,BUY,0.1037,0
2026-07-12 20:03:40,OPENUSDT,BUY,0.1477,0
2026-07-12 20:03:40,LINEAUSDT,BUY,0.002394,0
2026-07-12 20:03:40,ALLOUSDT,BUY,0.3881,0
2026-07-12 20:03:40,币安人生USDT,BUY,0.7113,0
2026-07-12 20:03:40,OPNUSDT,BUY,0.0646,0
2026-07-12 20:03:40,NIGHTUSDT,BUY,0.0303,0
2026-07-12 20:03:40,LITEBUSDT,BUY,792.62,0
2026-07-12 20:03:40,METABUSDT,BUY,669.6,0
2026-07-12 20:03:40,GRAMUSDT,BUY,1.643,0
2026-07-12 20:18:47,SCUSDT,BUY,0.000623,78.0
2026-07-12 20:18:47,DCRUSDT,BUY,11.33,82.0
2026-07-12 20:18:47,YFIUSDT,BUY,2116.0,82.0
2026-07-12 20:18:47,JUVUSDT,BUY,0.32,78.0
2026-07-12 20:18:47,RAYUSDT,BUY,0.6896,78.0
2026-07-12 20:18:47,REQUSDT,BUY,0.0543,82.0
2026-07-12 20:18:47,CVXUSDT,BUY,1.292,76.0
2026-07-12 20:18:47,TUSDT,BUY,0.00548,86.0
2026-07-12 20:18:47,LDOUSDT,BUY,0.31,0
2026-07-12 20:18:47,SEIUSDT,BUY,0.0492,0
2026-07-12 20:18:47,PYTHUSDT,BUY,0.04826,0
2026-07-12 20:18:47,EIGENUSDT,BUY,0.2353,0
2026-07-12 20:18:47,KAIAUSDT,BUY,0.0356,0
2026-07-12 20:18:47,ACXUSDT,BUY,0.04161,0
2026-07-12 20:18:47,TUTUSDT,BUY,0.01234,0
2026-07-12 20:18:47,WLFIUSDT,BUY,0.0579,0
2026-07-12 20:18:47,FFUSDT,BUY,0.06163,0
2026-07-12 20:18:47,BANKUSDT,BUY,0.0414,0
2026-07-12 20:18:47,UUSDT,BUY,1.0005,0
2026-07-12 20:18:47,CHIPUSDT,BUY,0.03262,0
2026-07-12 20:18:47,REUSDT,BUY,0.5683,0
2026-07-12 20:18:47,LITEBUSDT,BUY,792.98,0
2026-07-12 20:33:49,ZECUSDT,BUY,537.35,78.0
2026-07-12 20:33:49,ATOMUSDT,BUY,1.584,86.0
2026-07-12 20:33:49,RVNUSDT,BUY,0.00378,78.0
2026-07-12 20:33:49,HBARUSDT,BUY,0.06785,86.0
2026-07-12 20:33:49,UNIUSDT,BUY,3.691,78.0
2026-07-12 20:33:49,AAVEUSDT,BUY,98.53,82.0
2026-07-12 20:33:49,PSGUSDT,BUY,0.529,78.0
2026-07-12 20:33:49,DODOUSDT,BUY,0.02019,86.0
2026-07-12 20:33:49,LAZIOUSDT,BUY,0.367,0
2026-07-12 20:33:49,ENSUSDT,BUY,4.14,0
2026-07-12 20:33:49,QIUSDT,BUY,0.00117,0
2026-07-12 20:33:49,API3USDT,BUY,0.2259,0
2026-07-12 20:33:49,BTTCUSDT,BUY,2.7e-07,0
2026-07-12 20:33:49,ASTRUSDT,BUY,0.005184,0
2026-07-12 20:33:49,GMXUSDT,BUY,5.82,0
2026-07-12 20:33:49,PEPEUSDT,BUY,2.8e-06,0
2026-07-12 20:33:49,MAVUSDT,BUY,0.00961,0
2026-07-12 20:33:49,PENDLEUSDT,BUY,1.549,0
2026-07-12 20:33:49,FDUSDUSDT,BUY,0.9978,0
2026-07-12 20:33:49,1000SATSUSDT,BUY,9.6e-06,0
2026-07-12 20:33:49,ALTUSDT,BUY,0.00651,0
2026-07-12 20:33:49,1MBABYDOGEUSDT,BUY,0.0003173,0
2026-07-12 20:33:49,THEUSDT,BUY,0.0535,0
2026-07-12 20:33:49,TSTUSDT,BUY,0.01071,0
2026-07-12 20:33:49,USD1USDT,BUY,0.99976,0
2026-07-12 20:33:49,HUMAUSDT,BUY,0.02261,0
2026-07-12 20:33:49,LAUSDT,BUY,0.0583,0
2026-07-12 20:33:49,PUMPUSDT,BUY,0.001456,0
2026-07-12 20:33:49,AVNTUSDT,BUY,0.0969,0
2026-07-12 20:33:49,EDENUSDT,BUY,0.04403,0
2026-07-12 20:33:49,2ZUSDT,BUY,0.07362,0
2026-07-12 20:33:49,KITEUSDT,BUY,0.117,0
2026-07-12 20:33:49,BANKUSDT,BUY,0.0416,0
2026-07-12 20:33:49,ROBOUSDT,BUY,0.01327,0
2026-07-12 20:33:49,NVDABUSDT,BUY,212.57,0
2026-07-12 20:33:49,MSFTBUSDT,BUY,383.62,0
2026-07-12 20:33:49,QCOMBUSDT,BUY,186.2,0
2026-07-13 18:19:50,ZECUSDT,SELL,510.45,78.0
2026-07-13 18:19:50,ATOMUSDT,SELL,1.534,86.0
2026-07-13 18:19:50,RVNUSDT,SELL,0.00367,78.0
2026-07-13 18:19:50,HBARUSDT,SELL,0.0661,86.0
2026-07-13 18:19:50,UNIUSDT,SELL,3.519,78.0
2026-07-13 18:19:50,AAVEUSDT,SELL,93.89,82.0
2026-07-13 18:19:50,PSGUSDT,SELL,0.522,78.0
2026-07-13 18:19:50,QTUMUSDT,BUY,0.667,29.93
2026-07-13 18:19:50,STXUSDT,BUY,0.1642,27.14
2026-07-13 18:19:50,OGNUSDT,BUY,0.01684,29.93
2026-07-13 18:19:50,MBLUSDT,BUY,0.000687,27.14
2026-07-13 18:19:50,DCRUSDT,BUY,12.52,28.54
2026-07-13 18:19:50,TRBUSDT,BUY,15.14,29.93
2026-07-13 18:19:50,UMAUSDT,BUY,0.359,29.93
2026-07-13 18:19:50,STRAXUSDT,BUY,0.00932,0
2026-07-13 18:19:50,REQUSDT,BUY,0.0535,0
2026-07-13 18:19:50,RADUSDT,BUY,0.212,0
2026-07-13 18:19:50,LAZIOUSDT,BUY,0.345,0
2026-07-13 18:19:50,QIUSDT,BUY,0.00111,0
2026-07-13 18:19:50,PYRUSDT,BUY,0.144,0
2026-07-13 18:19:50,GLMRUSDT,BUY,0.0088,0
2026-07-13 18:19:50,BTTCUSDT,BUY,2.7e-07,0
2026-07-13 18:19:50,AXLUSDT,BUY,0.0418,0
2026-07-13 18:19:50,EURIUSDT,BUY,1.1395,0
2026-07-13 18:19:50,1000CATUSDT,BUY,0.00127,0
2026-07-13 18:19:50,ANIMEUSDT,BUY,0.00269,0
2026-07-13 18:19:50,HEIUSDT,BUY,0.0984,0
2026-07-13 18:19:50,EPICUSDT,BUY,0.395,0
2026-07-13 18:19:50,PLUMEUSDT,BUY,0.0097,0
2026-07-13 18:19:50,ENSOUSDT,BUY,0.697,0
2026-07-13 18:19:50,BANKUSDT,BUY,0.042,0
2026-07-13 18:19:50,ATUSDT,BUY,0.1563,0
2026-07-13 18:19:50,ZAMAUSDT,BUY,0.03279,0
2026-07-13 18:19:50,PLTRBUSDT,BUY,129.27,0
2026-07-13 18:19:50,GOOGLBUSDT,BUY,356.41,0
2026-07-13 18:23:50,OGNUSDT,SELL,0.01679,29.93
2026-07-13 18:23:50,MBLUSDT,SELL,0.000685,27.14
2026-07-13 18:23:50,BNBUSDT,BUY,564.12,53.96
2026-07-13 18:23:50,ADAUSDT,BUY,0.1571,53.96
2026-07-13 18:23:50,ENJUSDT,BUY,0.02759,0
2026-07-13 18:23:50,ALGOUSDT,BUY,0.083,0
2026-07-13 18:23:50,NMRUSDT,BUY,9.39,0
2026-07-13 18:23:50,SKLUSDT,BUY,0.00426,0
2026-07-13 18:23:50,REQUSDT,BUY,0.0535,0
2026-07-13 18:23:50,XECUSDT,BUY,6.56e-06,0
2026-07-13 18:23:50,AGLDUSDT,BUY,0.1638,0
2026-07-13 18:23:50,RADUSDT,BUY,0.212,0
2026-07-13 18:23:50,PYRUSDT,BUY,0.144,0
2026-07-13 18:23:50,BTTCUSDT,BUY,2.7e-07,0
2026-07-13 18:23:50,OSMOUSDT,BUY,0.0335,0
2026-07-13 18:23:50,PEPEUSDT,BUY,2.69e-06,0
2026-07-13 18:23:50,WLDUSDT,BUY,0.3943,0
2026-07-13 18:23:50,JUPUSDT,BUY,0.2116,0
2026-07-13 18:23:50,PORTALUSDT,BUY,0.01101,0
2026-07-13 18:23:50,WIFUSDT,BUY,0.1496,0
2026-07-13 18:23:50,AEVOUSDT,BUY,0.01857,0
2026-07-13 18:23:50,BOMEUSDT,BUY,0.0004029,0
2026-07-13 18:23:50,BANANAUSDT,BUY,3.419,0
2026-07-13 18:23:50,NEIROUSDT,BUY,6.031e-05,0
2026-07-13 18:23:50,PNUTUSDT,BUY,0.0421,0
2026-07-13 18:23:50,VANAUSDT,BUY,1.186,0
2026-07-13 18:23:50,SOLVUSDT,BUY,0.0026,0
2026-07-13 18:23:50,EPICUSDT,BUY,0.394,0
2026-07-13 18:23:50,KMNOUSDT,BUY,0.01892,0
2026-07-13 18:23:50,AWEUSDT,BUY,0.06321,0
2026-07-13 18:23:50,OPENUSDT,BUY,0.1471,0
2026-07-13 18:23:50,LINEAUSDT,BUY,0.002433,0
2026-07-13 18:23:50,ENSOUSDT,BUY,0.698,0
2026-07-13 18:23:50,ZAMAUSDT,BUY,0.03288,0
2026-07-13 18:23:50,ESPUSDT,BUY,0.06466,0
2026-07-13 18:23:50,NIGHTUSDT,BUY,0.02968,0
2026-07-13 18:32:24,BTCUSDT,BUY,61982.0,0
2026-07-13 18:32:24,ETHUSDT,BUY,1760.23,0
2026-07-13 18:32:24,NEOUSDT,BUY,1.911,0
2026-07-13 18:32:24,LTCUSDT,BUY,43.09,0
2026-07-13 18:32:24,ONTUSDT,BUY,0.04468,0
2026-07-13 18:32:24,TRXUSDT,BUY,0.3256,0
2026-07-13 18:32:24,LINKUSDT,BUY,7.839,0
2026-07-13 18:32:24,FETUSDT,BUY,0.1589,0
2026-07-13 18:32:24,CELRUSDT,BUY,0.001728,0
2026-07-13 18:32:24,DASHUSDT,BUY,32.91,0
2026-07-13 18:32:24,ALGOUSDT,BUY,0.0831,0
2026-07-13 18:32:24,DOGEUSDT,BUY,0.0712,0
2026-07-13 18:32:24,SOLUSDT,BUY,74.91,0
2026-07-13 18:32:24,SCUSDT,BUY,0.000608,0
2026-07-13 18:32:24,ZENUSDT,BUY,4.036,0
2026-07-13 18:32:24,SNXUSDT,BUY,0.227,0
2026-07-13 18:32:24,NMRUSDT,BUY,9.41,0
2026-07-13 18:32:24,SUSHIUSDT,BUY,0.1577,0
2026-07-13 18:32:24,AAVEUSDT,BUY,94.37,0
2026-07-13 18:32:24,SKLUSDT,BUY,0.00426,0
2026-07-13 18:32:24,1INCHUSDT,BUY,0.0712,0
2026-07-13 18:32:24,OGUSDT,BUY,2.547,0
2026-07-13 18:32:24,TKOUSDT,BUY,0.044,0
2026-07-13 18:32:24,LPTUSDT,BUY,1.506,0
2026-07-13 18:32:24,DEXEUSDT,BUY,39.768,0
2026-07-13 18:32:24,RAYUSDT,BUY,0.6642,0
2026-07-13 18:32:24,DYDXUSDT,BUY,0.12417,0
2026-07-13 18:32:24,FIDAUSDT,BUY,0.021,0
2026-07-13 18:32:24,AGLDUSDT,BUY,0.1651,0
2026-07-13 18:32:24,ADXUSDT,BUY,0.0587,0
2026-07-13 18:32:24,AUCTIONUSDT,BUY,3.32,0
2026-07-13 18:32:24,PORTOUSDT,BUY,0.386,0
2026-07-13 18:32:24,PYRUSDT,BUY,0.144,0
2026-07-13 18:32:24,SANTOSUSDT,BUY,0.496,0
2026-07-13 18:32:24,BICOUSDT,BUY,0.01305,0
2026-07-13 18:32:24,IMXUSDT,BUY,0.1294,0
2026-07-13 18:32:24,WOOUSDT,BUY,0.01121,0
2026-07-13 18:32:24,ALPINEUSDT,BUY,0.298,0
2026-07-13 18:32:24,TUSDT,BUY,0.00473,0
2026-07-13 18:32:24,NEXOUSDT,BUY,0.728,0
2026-07-13 18:32:24,LDOUSDT,BUY,0.3125,0
2026-07-13 18:32:24,APTUSDT,BUY,0.59,0
2026-07-13 18:32:24,MAGICUSDT,BUY,0.0417,0
2026-07-13 18:32:24,ARBUSDT,BUY,0.0908,0
2026-07-13 18:32:24,SUIUSDT,BUY,0.7176,0
2026-07-13 18:32:24,FLOKIUSDT,BUY,2.175e-05,0
2026-07-13 18:32:24,PENDLEUSDT,BUY,1.46,0
2026-07-13 18:32:24,WBETHUSDT,BUY,1936.63,0
2026-07-13 18:32:24,BEAMXUSDT,BUY,0.001516,0
2026-07-13 18:32:24,XAIUSDT,BUY,0.00678,0
2026-07-13 18:32:24,PORTALUSDT,BUY,0.01102,0
2026-07-13 18:32:24,WIFUSDT,BUY,0.1497,0
2026-07-13 18:32:24,AEVOUSDT,BUY,0.01859,0
2026-07-13 18:32:24,ENAUSDT,BUY,0.0781,0
2026-07-13 18:32:24,ZROUSDT,BUY,0.859,0
2026-07-13 18:32:24,RENDERUSDT,BUY,1.491,0
2026-07-13 18:32:24,POLUSDT,BUY,0.08215,0
2026-07-13 18:32:24,NEIROUSDT,BUY,6.04e-05,0
2026-07-13 18:32:24,1MBABYDOGEUSDT,BUY,0.0003041,0
2026-07-13 18:32:24,EIGENUSDT,BUY,0.2401,0
2026-07-13 18:32:24,VELODROMEUSDT,BUY,0.02035,0
2026-07-13 18:32:24,VANAUSDT,BUY,1.188,0
2026-07-13 18:32:24,PENGUUSDT,BUY,0.005824,0
2026-07-13 18:32:24,SUSDT,BUY,0.0251,0
2026-07-13 18:32:24,TSTUSDT,BUY,0.01059,0
2026-07-13 18:32:24,LAYERUSDT,BUY,0.0642,0
2026-07-13 18:32:24,HEIUSDT,BUY,0.0987,0
2026-07-13 18:32:24,REDUSDT,BUY,0.1114,0
2026-07-13 18:32:24,GUNUSDT,BUY,0.0038,0
2026-07-13 18:32:24,VIRTUALUSDT,BUY,0.5516,0
2026-07-13 18:32:24,SXTUSDT,BUY,0.00777,0
2026-07-13 18:32:24,SOPHUSDT,BUY,0.00459,0
2026-07-13 18:32:24,SAHARAUSDT,BUY,0.00951,0
2026-07-13 18:32:24,MITOUSDT,BUY,0.02111,0
2026-07-13 18:32:24,WLFIUSDT,BUY,0.0573,0
2026-07-13 18:32:24,OPENUSDT,BUY,0.1473,0
2026-07-13 18:32:24,FFUSDT,BUY,0.05987,0
2026-07-13 18:32:24,ASTERUSDT,BUY,0.62,0
2026-07-13 18:32:24,ALLOUSDT,BUY,0.4855,0
2026-07-13 18:32:24,BANKUSDT,BUY,0.0424,0
2026-07-13 18:32:24,METUSDT,BUY,0.1499,0
2026-07-13 18:32:24,ESPUSDT,BUY,0.06475,0
2026-07-13 18:32:24,AIGENSYNUSDT,BUY,0.02483,0
2026-07-13 18:32:24,PLTRBUSDT,BUY,129.59,0
2026-07-13 19:41:50,DODOUSDT,SELL,0.02284,86.0
2026-07-13 19:41:50,BTCUSDT,BUY,62133.8,61.52
2026-07-13 19:41:50,NEOUSDT,BUY,1.912,0
2026-07-13 19:41:50,LTCUSDT,BUY,43.29,0
2026-07-13 19:41:50,ETCUSDT,BUY,6.9,0
2026-07-13 19:41:50,VETUSDT,BUY,0.004743,0
2026-07-13 19:41:50,FETUSDT,BUY,0.1589,0
2026-07-13 19:41:50,BATUSDT,BUY,0.0809,0
2026-07-13 19:41:50,IOSTUSDT,BUY,0.000674,0
2026-07-13 19:41:50,CELRUSDT,BUY,0.001735,0
2026-07-13 19:41:50,DASHUSDT,BUY,32.96,0
2026-07-13 19:41:50,ATOMUSDT,BUY,1.54,0
2026-07-13 19:41:50,DUSKUSDT,BUY,0.0742,0
2026-07-13 19:41:50,WINUSDT,BUY,2.067e-05,0
2026-07-13 19:41:50,CHZUSDT,BUY,0.01642,0
2026-07-13 19:41:50,XTZUSDT,BUY,0.222,0
2026-07-13 19:41:50,RVNUSDT,BUY,0.00369,0
2026-07-13 19:41:50,HBARUSDT,BUY,0.06639,0
2026-07-13 19:41:50,KAVAUSDT,BUY,0.04445,0
2026-07-13 19:41:50,BCHUSDT,BUY,235.8,0
2026-07-13 19:41:50,FTTUSDT,BUY,0.2121,0
2026-07-13 19:41:50,SOLUSDT,BUY,74.94,0
2026-07-13 19:41:50,KNCUSDT,BUY,0.1079,0
2026-07-13 19:41:50,YFIUSDT,BUY,2147.0,0
2026-07-13 19:41:50,SANDUSDT,BUY,0.04719,0
2026-07-13 19:41:50,SUNUSDT,BUY,0.01821,0
2026-07-13 19:41:50,AVAXUSDT,BUY,6.471,0
2026-07-13 19:41:50,AAVEUSDT,BUY,94.7,0
2026-07-13 19:41:50,AUDIOUSDT,BUY,0.01326,0
2026-07-13 19:41:50,CTKUSDT,BUY,0.1006,0
2026-07-13 19:41:50,JUVUSDT,BUY,0.318,0
2026-07-13 19:41:50,1INCHUSDT,BUY,0.0716,0
2026-07-13 19:41:50,OGUSDT,BUY,2.559,0
2026-07-13 19:41:50,CKBUSDT,BUY,0.000884,0
2026-07-13 19:41:50,ACMUSDT,BUY,0.279,0
2026-07-13 19:41:50,ALICEUSDT,BUY,0.1168,0
2026-07-13 19:41:50,SUPERUSDT,BUY,0.0839,0
2026-07-13 19:41:50,CFXUSDT,BUY,0.04256,0
2026-07-13 19:41:50,SHIBUSDT,BUY,4.13e-06,0
2026-07-13 19:41:50,ICPUSDT,BUY,2.174,0
2026-07-13 19:41:50,ARUSDT,BUY,1.919,0
2026-07-13 19:41:50,PHAUSDT,BUY,0.0232,0
2026-07-13 19:41:50,C98USDT,BUY,0.01346,0
2026-07-13 19:41:50,FLOWUSDT,BUY,0.02606,0
2026-07-13 19:41:50,QUICKUSDT,BUY,0.00756,0
2026-07-13 19:41:50,GNOUSDT,BUY,110.43,0
2026-07-13 19:41:50,GALAUSDT,BUY,0.00201,0
2026-07-13 19:41:50,FIDAUSDT,BUY,0.02109,0
2026-07-13 19:41:50,ADXUSDT,BUY,0.059,0
2026-07-13 19:41:50,FLUXUSDT,BUY,0.0428,0
2026-07-13 19:41:50,CVXUSDT,BUY,1.271,0
2026-07-13 19:41:50,PEOPLEUSDT,BUY,0.00532,0
2026-07-13 19:41:50,IMXUSDT,BUY,0.1299,0
2026-07-13 19:41:50,GLMRUSDT,BUY,0.0087,0
2026-07-13 19:41:50,ASTRUSDT,BUY,0.005008,0
2026-07-13 19:41:50,APEUSDT,BUY,0.1475,0
2026-07-13 19:41:50,OPUSDT,BUY,0.0984,0
2026-07-13 19:41:50,APTUSDT,BUY,0.591,0
2026-07-13 19:41:50,OSMOUSDT,BUY,0.0337,0
2026-07-13 19:41:50,GNSUSDT,BUY,0.599,0
2026-07-13 19:41:50,USTCUSDT,BUY,0.00541,0
2026-07-13 19:41:50,IDUSDT,BUY,0.0348,0
2026-07-13 19:41:50,PEPEUSDT,BUY,2.7e-06,0
2026-07-13 19:41:50,PENDLEUSDT,BUY,1.46,0
2026-07-13 19:41:50,TIAUSDT,BUY,0.4042,0
2026-07-13 19:41:50,MEMEUSDT,BUY,0.00054,0
2026-07-13 19:41:50,JTOUSDT,BUY,0.6267,0
2026-07-13 19:41:50,1000SATSUSDT,BUY,9.43e-06,0
2026-07-13 19:41:50,BONKUSDT,BUY,3.76e-06,0
2026-07-13 19:41:50,AIUSDT,BUY,0.0201,0
2026-07-13 19:41:50,XAIUSDT,BUY,0.00677,0
2026-07-13 19:41:50,MANTAUSDT,BUY,0.05838,0
2026-07-13 19:41:50,PIXELUSDT,BUY,0.00458,0
2026-07-13 19:41:50,ENAUSDT,BUY,0.0786,0
2026-07-13 19:41:50,REZUSDT,BUY,0.002416,0
2026-07-13 19:41:50,ZKUSDT,BUY,0.01008,0
2026-07-13 19:41:50,LISTAUSDT,BUY,0.046,0
2026-07-13 19:41:50,GUSDT,BUY,0.00339,0
2026-07-13 19:41:50,NEIROUSDT,BUY,6.069e-05,0
2026-07-13 19:41:50,TURBOUSDT,BUY,0.000827,0
2026-07-13 19:41:50,1MBABYDOGEUSDT,BUY,0.0003057,0
2026-07-13 19:41:50,CATIUSDT,BUY,0.03783,0
2026-07-13 19:41:50,HMSTRUSDT,BUY,0.0001968,0
2026-07-13 19:41:50,EIGENUSDT,BUY,0.2378,0
2026-07-13 19:41:50,SCRUSDT,BUY,0.025,0
2026-07-13 19:41:50,CETUSUSDT,BUY,0.01773,0
2026-07-13 19:41:50,USUALUSDT,BUY,0.00858,0
2026-07-13 19:41:50,VANAUSDT,BUY,1.223,0
2026-07-13 19:41:50,AIXBTUSDT,BUY,0.01838,0
2026-07-13 19:41:50,SUSDT,BUY,0.02522,0
2026-07-13 19:41:50,ANIMEUSDT,BUY,0.00269,0
2026-07-13 19:41:50,BERAUSDT,BUY,0.183,0
2026-07-13 19:41:50,LAYERUSDT,BUY,0.0644,0
2026-07-13 19:41:50,GPSUSDT,BUY,0.00994,0
2026-07-13 19:41:50,MUBARAKUSDT,BUY,0.0134,0
2026-07-13 19:41:50,BANANAS31USDT,BUY,0.007434,0
2026-07-13 19:41:50,BABYUSDT,BUY,0.01256,0
2026-07-13 19:41:50,ONDOUSDT,BUY,0.3124,0
2026-07-13 19:41:50,BIGTIMEUSDT,BUY,0.0068,0
2026-07-13 19:41:50,HYPERUSDT,BUY,0.0666,0
2026-07-13 19:41:50,HUMAUSDT,BUY,0.02237,0
2026-07-13 19:41:50,SAHARAUSDT,BUY,0.00953,0
2026-07-13 19:41:50,TREEUSDT,BUY,0.0421,0
2026-07-13 19:41:50,PROVEUSDT,BUY,0.2025,0
2026-07-13 19:41:50,PLUMEUSDT,BUY,0.00974,0
2026-07-13 19:41:50,WLFIUSDT,BUY,0.0575,0
2026-07-13 19:41:50,PUMPUSDT,BUY,0.001474,0
2026-07-13 19:41:50,EDENUSDT,BUY,0.04235,0
2026-07-13 19:41:50,MORPHOUSDT,BUY,1.997,0
2026-07-13 19:41:50,ENSOUSDT,BUY,0.701,0
2026-07-13 19:41:50,GIGGLEUSDT,BUY,26.12,0
2026-07-13 19:41:50,UUSDT,BUY,1.0007,0
2026-07-13 19:41:50,RLUSDUSDT,BUY,1.0011,0
2026-07-13 19:41:52,MANTRAUSDT,BUY,0.0061,0
2026-07-13 19:41:52,CFGUSDT,BUY,0.1767,0
2026-07-13 19:41:52,MUBUSDT,BUY,931.53,0
2026-07-13 19:41:52,SPCXBUSDT,BUY,138.52,0
2026-07-13 19:41:52,MSTRBUSDT,BUY,92.13,0
2026-07-13 19:41:52,SOXLBUSDT,BUY,163.76,0
2026-07-13 20:05:00,ZILUSDT,BUY,0.00298,0
2026-07-13 20:05:00,ZRXUSDT,BUY,0.0855,0
2026-07-13 20:05:00,CELRUSDT,BUY,0.001743,0
2026-07-13 20:05:00,DASHUSDT,BUY,33.05,0
2026-07-13 20:05:00,DOGEUSDT,BUY,0.07187,0
2026-07-13 20:05:00,WINUSDT,BUY,2.075e-05,0
2026-07-13 20:05:00,HBARUSDT,BUY,0.06652,0
2026-07-13 20:05:00,CHRUSDT,BUY,0.01443,0
2026-07-13 20:05:00,SCUSDT,BUY,0.000606,0
2026-07-13 20:05:00,YFIUSDT,BUY,2162.0,0
2026-07-13 20:05:00,RSRUSDT,BUY,0.001214,0
2026-07-13 20:05:00,DIAUSDT,BUY,0.1009,0
2026-07-13 20:05:00,UNIUSDT,BUY,3.509,0
2026-07-13 20:05:00,AVAXUSDT,BUY,6.486,0
2026-07-13 20:05:00,AUDIOUSDT,BUY,0.01331,0
2026-07-13 20:05:00,SKLUSDT,BUY,0.00429,0
2026-07-13 20:05:00,GRTUSDT,BUY,0.01713,0
2026-07-13 20:05:00,PSGUSDT,BUY,0.523,0
2026-07-13 20:05:00,1INCHUSDT,BUY,0.0718,0
2026-07-13 20:05:00,ATMUSDT,BUY,2.838,0
2026-07-13 20:05:00,CKBUSDT,BUY,0.000887,0
2026-07-13 20:05:00,QUICKUSDT,BUY,0.00758,0
2026-07-13 20:05:00,XECUSDT,BUY,6.46e-06,0
2026-07-13 20:05:00,LAZIOUSDT,BUY,0.348,0
2026-07-13 20:05:00,ADXUSDT,BUY,0.059,0
2026-07-13 20:05:00,ENSUSDT,BUY,4.08,0
2026-07-13 20:05:00,QIUSDT,BUY,0.00111,0
2026-07-13 20:05:00,AMPUSDT,BUY,0.000429,0
2026-07-13 20:05:00,BICOUSDT,BUY,0.01304,0
2026-07-13 20:05:00,TUSDT,BUY,0.00475,0
2026-07-13 20:05:00,OPUSDT,BUY,0.0988,0
2026-07-13 20:05:00,LUNCUSDT,BUY,5.942e-05,0
2026-07-13 20:05:00,GMXUSDT,BUY,5.65,0
2026-07-13 20:05:00,GNSUSDT,BUY,0.599,0
2026-07-13 20:05:00,QKCUSDT,BUY,0.001915,0
2026-07-13 20:05:00,SUIUSDT,BUY,0.7217,0
2026-07-13 20:05:00,ARKMUSDT,BUY,0.109,0
2026-07-13 20:05:00,ORDIUSDT,BUY,3.511,0
2026-07-13 20:05:00,RONINUSDT,BUY,0.0526,0
2026-07-13 20:05:00,PORTALUSDT,BUY,0.01106,0
2026-07-13 20:05:00,REZUSDT,BUY,0.00242,0
2026-07-13 20:05:00,IOUSDT,BUY,0.1543,0
2026-07-13 20:05:00,DOGSUSDT,BUY,3.717e-05,0
2026-07-13 20:05:00,1MBABYDOGEUSDT,BUY,0.0003067,0
2026-07-13 20:05:00,PNUTUSDT,BUY,0.0425,0
2026-07-13 20:05:00,USUALUSDT,BUY,0.00862,0
2026-07-13 20:05:00,THEUSDT,BUY,0.0545,0
2026-07-13 20:05:00,PENGUUSDT,BUY,0.005828,0
2026-07-13 20:05:00,BROCCOLI714USDT,BUY,0.01277,0
2026-07-13 20:05:00,HYPERUSDT,BUY,0.0667,0
2026-07-13 20:05:00,SXTUSDT,BUY,0.00767,0
2026-07-13 20:05:00,HUMAUSDT,BUY,0.02263,0
2026-07-13 20:05:00,HOMEUSDT,BUY,0.01317,0
2026-07-13 20:05:00,PROVEUSDT,BUY,0.2025,0
2026-07-13 20:05:00,ESPUSDT,BUY,0.06582,0
2026-07-13 20:12:36,QTUMUSDT,SELL,0.669,29.93
2026-07-13 20:12:36,STXUSDT,SELL,0.1651,27.14
2026-07-13 20:12:36,TRBUSDT,SELL,15.06,29.93
2026-07-13 20:12:36,ADAUSDT,SELL,0.1579,53.96
2026-07-13 20:12:36,BTCUSDT,SELL,62208.37,61.52
2026-07-13 20:12:36,HOTUSDT,BUY,0.000359,58.19
2026-07-13 20:12:36,ZILUSDT,BUY,0.00298,51.42
2026-07-13 20:12:36,ZRXUSDT,BUY,0.0855,51.42
2026-07-13 20:12:36,TFUELUSDT,BUY,0.00767,58.19
2026-07-13 20:12:36,WINUSDT,BUY,2.076e-05,51.42
2026-07-13 20:12:36,KAVAUSDT,BUY,0.04461,0
2026-07-13 20:12:36,FTTUSDT,BUY,0.2123,0
2026-07-13 20:12:36,OGNUSDT,BUY,0.01677,0
2026-07-13 20:12:36,LSKUSDT,BUY,0.0857,0
2026-07-13 20:12:36,AXSUSDT,BUY,0.985,0
2026-07-13 20:12:36,DODOUSDT,BUY,0.02326,0
2026-07-13 20:12:36,TKOUSDT,BUY,0.044,0
2026-07-13 20:12:36,QUICKUSDT,BUY,0.00753,0
2026-07-13 20:12:36,XECUSDT,BUY,6.45e-06,0
2026-07-13 20:12:36,AGLDUSDT,BUY,0.1669,0
2026-07-13 20:12:36,RADUSDT,BUY,0.211,0
2026-07-13 20:12:36,JOEUSDT,BUY,0.027,0
2026-07-13 20:12:36,GLMRUSDT,BUY,0.0087,0
2026-07-13 20:12:36,TUSDT,BUY,0.00474,0
2026-07-13 20:12:36,GNSUSDT,BUY,0.599,0
2026-07-13 20:12:36,AEVOUSDT,BUY,0.01858,0
2026-07-13 20:12:36,NOTUSDT,BUY,0.000374,0
2026-07-13 20:12:36,LISTAUSDT,BUY,0.0462,0
2026-07-13 20:12:36,POLUSDT,BUY,0.08225,0
2026-07-13 20:12:36,TURBOUSDT,BUY,0.000829,0
2026-07-13 20:12:36,THEUSDT,BUY,0.0547,0
2026-07-13 20:12:36,BROCCOLI714USDT,BUY,0.01279,0
2026-07-13 20:12:36,AWEUSDT,BUY,0.06349,0
2026-07-13 20:12:36,HOMEUSDT,BUY,0.01321,0
2026-07-13 20:12:36,HEMIUSDT,BUY,0.00427,0
2026-07-13 20:12:36,ASTERUSDT,BUY,0.628,0
2026-07-13 20:12:36,EULUSDT,BUY,0.988,0
2026-07-13 20:12:36,ENSOUSDT,BUY,0.705,0
2026-07-13 20:12:36,ZBTUSDT,BUY,0.1331,0
2026-07-13 20:12:36,MMTUSDT,BUY,0.1628,0
2026-07-13 20:12:36,BANKUSDT,BUY,0.0423,0
2026-07-13 20:12:36,KGSTUSDT,BUY,0.011445,0
2026-07-13 20:12:36,AIGENSYNUSDT,BUY,0.02447,0
2026-07-13 20:12:36,OPGUSDT,BUY,0.1107,0
2026-07-13 20:12:36,PLTRBUSDT,BUY,129.96,0
2026-07-13 20:26:38,UMAUSDT,SELL,0.358,29.93
2026-07-13 20:26:38,BNBUSDT,SELL,565.67,53.96
2026-07-13 20:26:38,ZILUSDT,SELL,0.00297,51.42
2026-07-13 20:26:38,ZRXUSDT,SELL,0.0852,51.42
2026-07-13 20:26:38,TFUELUSDT,SELL,0.00763,58.19
2026-07-13 20:26:38,WINUSDT,SELL,2.066e-05,51.42
2026-07-13 20:31:01,BTCUSDT,BUY,62232.0,79.58
2026-07-13 20:31:01,ADAUSDT,BUY,0.1581,77.77
2026-07-13 20:31:01,DOGEUSDT,BUY,0.0719,77.77
2026-07-13 20:31:01,FTTUSDT,BUY,0.2122,74.16
2026-07-13 20:31:01,BNTUSDT,BUY,0.2646,77.77
2026-07-13 20:31:01,KNCUSDT,BUY,0.1078,70.54
2026-07-13 20:31:01,RSRUSDT,BUY,0.001214,0
2026-07-13 20:31:01,NEARUSDT,BUY,1.912,0
2026-07-13 20:31:01,INJUSDT,BUY,4.677,0
2026-07-13 20:31:01,PSGUSDT,BUY,0.523,0
2026-07-13 20:31:01,1INCHUSDT,BUY,0.0718,0
2026-07-13 20:31:01,TKOUSDT,BUY,0.044,0
2026-07-13 20:31:01,TLMUSDT,BUY,0.001733,0
2026-07-13 20:31:01,ICPUSDT,BUY,2.17,0
2026-07-13 20:31:01,QNTUSDT,BUY,64.68,0
2026-07-13 20:31:01,QUICKUSDT,BUY,0.00753,0
2026-07-13 20:31:01,RADUSDT,BUY,0.211,0
2026-07-13 20:31:01,LAZIOUSDT,BUY,0.349,0
2026-07-13 20:31:01,PEOPLEUSDT,BUY,0.00533,0
2026-07-13 20:31:02,ASTRUSDT,BUY,0.005019,0
2026-07-13 20:31:02,STEEMUSDT,BUY,0.03944,0
2026-07-13 20:31:02,SYNUSDT,BUY,0.23936,0
2026-07-13 20:31:02,WBTCUSDT,BUY,62220.83,0
2026-07-13 20:31:02,SUIUSDT,BUY,0.7202,0
2026-07-13 20:31:02,PEPEUSDT,BUY,2.71e-06,0
2026-07-13 20:31:02,SEIUSDT,BUY,0.04745,0
2026-07-13 20:31:02,MEMEUSDT,BUY,0.000539,0
2026-07-13 20:31:02,1000SATSUSDT,BUY,9.52e-06,0
2026-07-13 20:31:02,DYMUSDT,BUY,0.01507,0
2026-07-13 20:31:02,STRKUSDT,BUY,0.0288,0
2026-07-13 20:31:02,WIFUSDT,BUY,0.15,0
2026-07-13 20:31:02,TAOUSDT,BUY,200.1,0
2026-07-13 20:31:02,CETUSUSDT,BUY,0.01773,0
2026-07-13 20:31:02,USUALUSDT,BUY,0.0086,0
2026-07-13 20:31:02,PENGUUSDT,BUY,0.005814,0
2026-07-13 20:31:02,TRUMPUSDT,BUY,1.538,0
2026-07-13 20:31:02,BERAUSDT,BUY,0.184,0
2026-07-13 20:31:02,GPSUSDT,BUY,0.00994,0
2026-07-13 20:31:02,BIGTIMEUSDT,BUY,0.0068,0
2026-07-13 20:31:02,HUMAUSDT,BUY,0.02263,0
2026-07-13 20:31:02,AUSDT,BUY,0.0749,0
2026-07-13 20:31:02,MITOUSDT,BUY,0.02115,0
2026-07-13 20:31:02,LINEAUSDT,BUY,0.002505,0
2026-07-13 20:31:02,MMTUSDT,BUY,0.1631,0
2026-07-13 20:31:02,MANTRAUSDT,BUY,0.00613,0
2026-07-13 20:31:02,OPGUSDT,BUY,0.1106,0
2026-07-13 20:31:02,NVDABUSDT,BUY,203.74,0
2026-07-13 20:31:02,REUSDT,BUY,0.5266,0
2026-07-13 20:31:02,INTCBUSDT,BUY,103.38,0
2026-07-13 20:31:02,MSTRBUSDT,BUY,91.98,0
2026-07-13 20:31:02,GRAMUSDT,BUY,1.586,0
2026-07-14 16:31:09,DOGEUSDT,SELL,0.07503,77.77
2026-07-14 16:31:09,FTTUSDT,SELL,0.2159,74.16
2026-07-14 16:31:09,BNTUSDT,SELL,0.2799,77.77
2026-07-14 16:31:09,KNCUSDT,SELL,0.1114,70.54
2026-07-14 16:31:09,ETHUSDT,BUY,1874.86,34.85
2026-07-14 16:31:09,NEOUSDT,BUY,1.989,36.63
2026-07-14 16:31:09,XRPUSDT,BUY,1.107,36.63
2026-07-14 16:31:09,ETCUSDT,BUY,7.09,38.42
2026-07-14 16:31:09,ZRXUSDT,BUY,0.0887,0
2026-07-14 16:31:09,FETUSDT,BUY,0.1628,0
2026-07-14 16:31:09,IOSTUSDT,BUY,0.000691,0
2026-07-14 16:31:09,ENJUSDT,BUY,0.028,0
2026-07-14 16:31:09,ALGOUSDT,BUY,0.0852,0
2026-07-14 16:31:09,RVNUSDT,BUY,0.00382,0
2026-07-14 16:31:09,STXUSDT,BUY,0.1685,0
2026-07-14 16:31:09,BCHUSDT,BUY,239.2,0
2026-07-14 16:31:09,EURUSDT,BUY,1.1438,0
2026-07-14 16:31:09,CTSIUSDT,BUY,0.02347,0
2026-07-14 16:31:09,DGBUSDT,BUY,0.00256,0
2026-07-14 16:31:09,MANAUSDT,BUY,0.0705,0
2026-07-14 16:31:09,CRVUSDT,BUY,0.2267,0
2026-07-14 16:31:09,DOTUSDT,BUY,0.858,0
2026-07-14 16:31:09,AAVEUSDT,BUY,100.15,0
2026-07-14 16:31:09,NEARUSDT,BUY,2.035,0
2026-07-14 16:31:09,FILUSDT,BUY,0.779,0
2026-07-14 16:31:09,GRTUSDT,BUY,0.01769,0
2026-07-14 16:31:09,TWTUSDT,BUY,0.354,0
2026-07-14 16:31:09,YGGUSDT,BUY,0.02207,0
2026-07-14 16:31:09,ENSUSDT,BUY,4.24,0
2026-07-14 16:31:09,CVXUSDT,BUY,1.371,0
2026-07-14 16:31:09,PEOPLEUSDT,BUY,0.0056,0
2026-07-14 16:31:09,WBTCUSDT,BUY,64818.01,0
2026-07-14 16:31:09,WBETHUSDT,BUY,2064.6,0
2026-07-14 16:31:09,JTOUSDT,BUY,0.6479,0
2026-07-14 16:31:09,PYTHUSDT,BUY,0.04634,0
2026-07-14 16:31:09,ENAUSDT,BUY,0.0842,0
2026-07-14 16:31:09,LISTAUSDT,BUY,0.05,0
2026-07-14 16:31:09,BANANAUSDT,BUY,3.503,0
2026-07-14 16:31:09,RENDERUSDT,BUY,1.516,0
2026-07-14 16:31:09,1MBABYDOGEUSDT,BUY,0.0003135,0
2026-07-14 16:31:09,CATIUSDT,BUY,0.03699,0
2026-07-14 16:31:09,PENGUUSDT,BUY,0.00596,0
2026-07-14 16:31:09,KMNOUSDT,BUY,0.0185,0
2026-07-14 16:31:09,TREEUSDT,BUY,0.0457,0
2026-07-14 16:31:09,AVNTUSDT,BUY,0.0952,0
2026-07-14 16:31:09,0GUSDT,BUY,0.176,0
2026-07-14 16:31:09,ENSOUSDT,BUY,0.713,0
2026-07-14 16:31:09,GIGGLEUSDT,BUY,27.05,0
2026-07-14 16:31:09,SAPIENUSDT,BUY,0.0782,0
2026-07-14 16:31:09,METUSDT,BUY,0.1492,0
2026-07-14 16:31:09,CFGUSDT,BUY,0.1815,0
2026-07-14 16:31:09,OPGUSDT,BUY,0.1092,0
2026-07-14 16:31:09,TSLABUSDT,BUY,397.49,0
2026-07-14 16:37:28,ADAUSDT,SELL,0.1659,77.77
2026-07-14 16:37:28,XLMUSDT,BUY,0.1852,52.63
2026-07-14 16:37:28,VETUSDT,BUY,0.004882,0
2026-07-14 16:37:28,LINKUSDT,BUY,8.308,0
2026-07-14 16:37:28,ZILUSDT,BUY,0.00301,0
2026-07-14 16:37:28,ZRXUSDT,BUY,0.0887,0
2026-07-14 16:37:28,FETUSDT,BUY,0.1629,0
2026-07-14 16:37:28,ZECUSDT,BUY,545.0,0
2026-07-14 16:37:28,DASHUSDT,BUY,34.04,0
2026-07-14 16:37:28,ALGOUSDT,BUY,0.0852,0
2026-07-14 16:37:28,RVNUSDT,BUY,0.00383,0
2026-07-14 16:37:28,HBARUSDT,BUY,0.067,0
2026-07-14 16:37:28,SOLUSDT,BUY,77.57,0
2026-07-14 16:37:28,CTSIUSDT,BUY,0.0235,0
2026-07-14 16:37:28,CRVUSDT,BUY,0.226,0
2026-07-14 16:37:28,DOTUSDT,BUY,0.858,0
2026-07-14 16:37:28,SUSHIUSDT,BUY,0.1649,0
2026-07-14 16:37:28,EGLDUSDT,BUY,3.52,0
2026-07-14 16:37:28,NEARUSDT,BUY,2.036,0
2026-07-14 16:37:28,FILUSDT,BUY,0.777,0
2026-07-14 16:37:28,INJUSDT,BUY,5.034,0
2026-07-14 16:37:28,STRAXUSDT,BUY,0.00958,0
2026-07-14 16:37:28,SFPUSDT,BUY,0.224,0
2026-07-14 16:37:28,DODOUSDT,BUY,0.01977,0
2026-07-14 16:37:28,RAYUSDT,BUY,0.692,0
2026-07-14 16:37:28,DYDXUSDT,BUY,0.12318,0
2026-07-14 16:37:28,GALAUSDT,BUY,0.002062,0
2026-07-14 16:37:28,LAZIOUSDT,BUY,0.366,0
2026-07-14 16:37:28,AUCTIONUSDT,BUY,3.34,0
2026-07-14 16:37:28,PORTOUSDT,BUY,0.404,0
2026-07-14 16:37:28,JASMYUSDT,BUY,0.00438,0
2026-07-14 16:37:28,GMTUSDT,BUY,0.00765,0
2026-07-14 16:37:28,STEEMUSDT,BUY,0.04017,0
2026-07-14 16:37:28,LDOUSDT,BUY,0.3334,0
2026-07-14 16:37:28,GNSUSDT,BUY,0.619,0
2026-07-14 16:37:28,QKCUSDT,BUY,0.001979,0
2026-07-14 16:37:28,WBTCUSDT,BUY,64840.44,0
2026-07-14 16:37:28,PEPEUSDT,BUY,2.86e-06,0
2026-07-14 16:37:28,SEIUSDT,BUY,0.04886,0
2026-07-14 16:37:28,BLURUSDT,BUY,0.01656,0
2026-07-14 16:37:28,JTOUSDT,BUY,0.6466,0
2026-07-14 16:37:28,1000SATSUSDT,BUY,9.7e-06,0
2026-07-14 16:37:28,XAIUSDT,BUY,0.00711,0
2026-07-14 16:37:28,JUPUSDT,BUY,0.2096,0
2026-07-14 16:37:28,STRKUSDT,BUY,0.0298,0
2026-07-14 16:37:28,WIFUSDT,BUY,0.1537,0
2026-07-14 16:37:28,BOMEUSDT,BUY,0.0004205,0
2026-07-14 16:37:28,WUSDT,BUY,0.00979,0
2026-07-14 16:37:28,TAOUSDT,BUY,204.4,0
2026-07-14 16:37:28,IOUSDT,BUY,0.1622,0
2026-07-14 16:37:28,RENDERUSDT,BUY,1.517,0
2026-07-14 16:37:28,TURBOUSDT,BUY,0.000857,0
2026-07-14 16:37:28,1MBABYDOGEUSDT,BUY,0.0003141,0
2026-07-14 16:37:28,CATIUSDT,BUY,0.03709,0
2026-07-14 16:37:28,SCRUSDT,BUY,0.02626,0
2026-07-14 16:37:28,PENGUUSDT,BUY,0.005957,0
2026-07-14 16:37:28,BERAUSDT,BUY,0.19,0
2026-07-14 16:37:28,KAITOUSDT,BUY,0.785,0
2026-07-14 16:37:28,PARTIUSDT,BUY,0.0303,0
2026-07-14 16:37:28,ONDOUSDT,BUY,0.3162,0
2026-07-14 16:37:28,VIRTUALUSDT,BUY,0.5804,0
2026-07-14 16:37:28,KMNOUSDT,BUY,0.01853,0
2026-07-14 16:37:28,SPKUSDT,BUY,0.017339,0
2026-07-14 16:37:28,SAHARAUSDT,BUY,0.00945,0
2026-07-14 16:37:28,TOWNSUSDT,BUY,0.00207,0
2026-07-14 16:37:28,PROVEUSDT,BUY,0.203,0
2026-07-14 16:37:28,SOMIUSDT,BUY,0.1038,0
2026-07-14 16:37:28,PUMPUSDT,BUY,0.00152,0
2026-07-14 16:37:28,HEMIUSDT,BUY,0.00453,0
2026-07-14 16:37:28,ALLOUSDT,BUY,0.374,0
2026-07-14 16:37:28,KGSTUSDT,BUY,0.011444,0
2026-07-14 16:37:28,NVDABUSDT,BUY,209.63,0
2026-07-14 16:37:29,MSTRBUSDT,BUY,97.41,0
2026-07-14 16:37:29,GRAMUSDT,BUY,1.629,0
2026-07-14 16:37:29,CBRSBUSDT,BUY,194.86,0
2026-07-14 16:53:08,HOTUSDT,SELL,0.000359,58.19
2026-07-14 16:53:08,BTCUSDT,SELL,64850.01,79.58
2026-07-14 16:53:08,ETHUSDT,SELL,1875.6,34.85
2026-07-14 16:53:08,NEOUSDT,SELL,1.985,36.63
2026-07-14 16:53:08,XRPUSDT,SELL,1.1066,36.63
2026-07-14 16:53:08,ETCUSDT,SELL,7.08,38.42
2026-07-14 16:53:08,XLMUSDT,SELL,0.1851,52.63
2026-07-14 16:53:08,DASHUSDT,BUY,34.11,50.0
2026-07-14 16:53:08,DUSKUSDT,BUY,0.0763,55.12
2026-07-14 16:53:08,UNIUSDT,BUY,3.696,55.12
2026-07-14 16:53:08,SUNUSDT,BUY,0.01817,50.0
2026-07-14 16:53:08,AAVEUSDT,BUY,100.19,52.56
2026-07-14 16:53:08,NEARUSDT,BUY,2.043,50.0
2026-07-14 16:53:08,GRTUSDT,BUY,0.01771,50.0
2026-07-14 16:53:08,CAKEUSDT,BUY,1.419,0
2026-07-14 16:53:08,TKOUSDT,BUY,0.046,0
2026-07-14 16:53:08,SLPUSDT,BUY,0.000532,0
2026-07-14 16:53:08,RAYUSDT,BUY,0.6923,0
2026-07-14 16:53:08,QUICKUSDT,BUY,0.00764,0
2026-07-14 16:53:08,GALAUSDT,BUY,0.002063,0
2026-07-14 16:53:08,ILVUSDT,BUY,3.14,0
2026-07-14 16:53:08,AUCTIONUSDT,BUY,3.34,0
2026-07-14 16:53:08,CITYUSDT,BUY,0.39,0
2026-07-14 16:53:08,PORTOUSDT,BUY,0.404,0
2026-07-14 16:53:08,IMXUSDT,BUY,0.1337,0
2026-07-14 16:53:08,STGUSDT,BUY,0.141,0
2026-07-14 16:53:08,ARBUSDT,BUY,0.0924,0
2026-07-14 16:53:08,WBETHUSDT,BUY,2064.86,0
2026-07-14 16:53:08,BLURUSDT,BUY,0.01656,0
2026-07-14 16:53:08,JTOUSDT,BUY,0.6492,0
2026-07-14 16:53:08,PYTHUSDT,BUY,0.04653,0
2026-07-14 16:53:08,WUSDT,BUY,0.00979,0
2026-07-14 16:53:08,GUSDT,BUY,0.0036,0
2026-07-14 16:53:08,RENDERUSDT,BUY,1.519,0
2026-07-14 16:53:08,SUSDT,BUY,0.02556,0
2026-07-14 16:53:08,1000CHEEMSUSDT,BUY,0.000477,0
2026-07-14 16:53:08,LAYERUSDT,BUY,0.0666,0
2026-07-14 16:53:08,HEIUSDT,BUY,0.1113,0
2026-07-14 16:53:08,KAITOUSDT,BUY,0.7957,0
2026-07-14 16:53:08,REDUSDT,BUY,0.1128,0
2026-07-14 16:53:08,PARTIUSDT,BUY,0.0304,0
2026-07-14 16:53:08,VIRTUALUSDT,BUY,0.5819,0
2026-07-14 16:53:08,HUMAUSDT,BUY,0.02235,0
2026-07-14 16:53:08,AUSDT,BUY,0.0733,0
2026-07-14 16:53:08,HOMEUSDT,BUY,0.01286,0
2026-07-14 16:53:08,YBUSDT,BUY,0.0752,0
2026-07-14 16:53:08,MMTUSDT,BUY,0.1596,0
2026-07-14 16:53:08,ALLOUSDT,BUY,0.3772,0
2026-07-14 16:53:08,FRAXUSDT,BUY,0.2528,0
2026-07-14 16:53:08,KATUSDT,BUY,0.00489,0
2026-07-14 16:53:08,NVDABUSDT,BUY,210.39,0
2026-07-14 16:53:08,REUSDT,BUY,0.5353,0
2026-07-14 16:53:08,AMDBUSDT,BUY,555.15,0
2026-07-14 16:53:08,NBISBUSDT,BUY,197.9,0
2026-07-14 16:54:39,SUNUSDT,SELL,0.01816,50.0
2026-07-14 16:54:39,TRXUSDT,BUY,0.3252,50.7
2026-07-14 16:54:39,IOSTUSDT,BUY,0.00069,0
2026-07-14 16:54:39,THETAUSDT,BUY,0.1468,0
2026-07-14 16:54:39,COMPUSDT,BUY,17.12,0
2026-07-14 16:54:39,SCUSDT,BUY,0.000617,0
2026-07-14 16:54:39,DGBUSDT,BUY,0.00256,0
2026-07-14 16:54:39,ATMUSDT,BUY,2.846,0
2026-07-14 16:54:39,CAKEUSDT,BUY,1.419,0
2026-07-14 16:54:39,TLMUSDT,BUY,0.001781,0
2026-07-14 16:54:39,SLPUSDT,BUY,0.000532,0
2026-07-14 16:54:39,QNTUSDT,BUY,64.83,0
2026-07-14 16:54:39,RAYUSDT,BUY,0.6923,0
2026-07-14 16:54:39,QUICKUSDT,BUY,0.00763,0
2026-07-14 16:54:39,GNOUSDT,BUY,114.74,0
2026-07-14 16:54:39,DYDXUSDT,BUY,0.12309,0
2026-07-14 16:54:39,GALAUSDT,BUY,0.002063,0
2026-07-14 16:54:39,ILVUSDT,BUY,3.14,0
2026-07-14 16:54:39,AUCTIONUSDT,BUY,3.34,0
2026-07-14 16:54:39,GLMRUSDT,BUY,0.0091,0
2026-07-14 16:54:39,STEEMUSDT,BUY,0.0402,0
2026-07-14 16:54:39,STGUSDT,BUY,0.1409,0
2026-07-14 16:54:39,FDUSDUSDT,BUY,0.998,0
2026-07-14 16:54:39,BLURUSDT,BUY,0.01656,0
2026-07-14 16:54:39,VANRYUSDT,BUY,0.006163,0
2026-07-14 16:54:39,JTOUSDT,BUY,0.6516,0
2026-07-14 16:54:39,GUSDT,BUY,0.00361,0
2026-07-14 16:54:39,AIXBTUSDT,BUY,0.01897,0
2026-07-14 16:54:39,SUSDT,BUY,0.02554,0
2026-07-14 16:54:39,TRUMPUSDT,BUY,1.568,0
2026-07-14 16:54:39,LAYERUSDT,BUY,0.0667,0
2026-07-14 16:54:39,HEIUSDT,BUY,0.1118,0
2026-07-14 16:54:39,KAITOUSDT,BUY,0.7931,0
2026-07-14 16:54:39,VIRTUALUSDT,BUY,0.5817,0
2026-07-14 16:54:39,HUMAUSDT,BUY,0.02235,0
2026-07-14 16:54:39,HOMEUSDT,BUY,0.01286,0
2026-07-14 16:54:39,MORPHOUSDT,BUY,2.026,0
2026-07-14 16:54:39,YBUSDT,BUY,0.0752,0
2026-07-14 16:54:39,GIGGLEUSDT,BUY,27.27,0
2026-07-14 16:54:39,MMTUSDT,BUY,0.1597,0
2026-07-14 16:54:39,ALLOUSDT,BUY,0.3784,0
2026-07-14 16:54:39,BANKUSDT,BUY,0.0433,0
2026-07-14 16:54:39,UUSDT,BUY,1.0008,0
2026-07-14 16:54:39,ROBOUSDT,BUY,0.01287,0
2026-07-14 16:54:39,CRCLBUSDT,BUY,63.29,0
2026-07-14 16:54:39,SNDKBUSDT,BUY,1776.12,0
2026-07-14 16:54:39,REUSDT,BUY,0.536,0
2026-07-14 16:54:39,AMDBUSDT,BUY,555.15,0
2026-07-14 16:54:39,METABUSDT,BUY,665.46,0
2026-07-14 16:54:39,CBRSBUSDT,BUY,196.0,0
2026-07-14 16:54:39,NBISBUSDT,BUY,197.9,0
2026-07-14 17:09:48,DASHUSDT,SELL,33.87,50.0
2026-07-14 17:09:48,DUSKUSDT,SELL,0.076,55.12
2026-07-14 17:09:48,UNIUSDT,SELL,3.677,55.12
2026-07-14 17:09:48,AAVEUSDT,SELL,99.84,52.56
2026-07-14 17:09:48,NEARUSDT,SELL,2.032,50.0
2026-07-14 17:09:48,GRTUSDT,SELL,0.01767,50.0
2026-07-14 17:09:48,ATOMUSDT,BUY,1.56,48.17
2026-07-14 17:09:48,HBARUSDT,BUY,0.06689,48.17
2026-07-14 17:09:48,SUNUSDT,BUY,0.01817,48.17
2026-07-14 17:09:48,FILUSDT,BUY,0.78,48.17
2026-07-14 17:09:48,ATMUSDT,BUY,2.866,53.11
2026-07-14 17:09:48,FLOWUSDT,BUY,0.02651,48.17
2026-07-14 17:09:48,BTTCUSDT,BUY,2.8e-07,0
2026-07-14 17:09:48,LDOUSDT,BUY,0.334,0
2026-07-14 17:09:48,MANTAUSDT,BUY,0.06048,0
2026-07-14 17:09:48,SUSDT,BUY,0.02558,0
2026-07-14 17:09:48,SXTUSDT,BUY,0.00978,0
2026-07-14 17:09:48,AWEUSDT,BUY,0.06314,0
2026-07-14 17:09:48,BARDUSDT,BUY,0.124,0
2026-07-14 17:09:48,FFUSDT,BUY,0.06326,0
2026-07-14 17:09:49,MMTUSDT,BUY,0.1603,0
2026-07-14 17:09:49,BANKUSDT,BUY,0.0434,0
2026-07-14 17:09:49,ATUSDT,BUY,0.1575,0
2026-07-14 17:09:49,币安人生USDT,BUY,0.7932,0
2026-07-14 17:09:49,SENTUSDT,BUY,0.01341,0
2026-07-14 17:09:49,NIGHTUSDT,BUY,0.0299,0
2026-07-14 17:09:49,AIGENSYNUSDT,BUY,0.02339,0
2026-07-14 17:09:49,NVDABUSDT,BUY,211.39,0
2026-07-14 17:09:49,SNDKBUSDT,BUY,1778.09,0
2026-07-14 17:09:49,MSFTBUSDT,BUY,387.83,0
2026-07-14 17:09:49,QQQBUSDT,BUY,720.86,0
2026-07-14 17:09:49,CBRSBUSDT,BUY,197.2,0
2026-07-14 17:09:49,QCOMBUSDT,BUY,178.58,0
2026-07-14 17:21:36,DCRUSDT,SELL,13.46,28.54
2026-07-14 17:21:36,ATOMUSDT,SELL,1.556,48.17
2026-07-14 17:21:36,HBARUSDT,SELL,0.06682,48.17
2026-07-14 17:21:36,SUNUSDT,SELL,0.01815,48.17
2026-07-14 17:21:36,FLOWUSDT,SELL,0.02648,48.17
2026-07-14 17:21:36,IOTAUSDT,BUY,0.0371,52.07
2026-07-14 17:21:36,ZECUSDT,BUY,550.99,52.07
2026-07-14 17:21:36,WINUSDT,BUY,2.246e-05,54.61
2026-07-14 17:21:36,STXUSDT,BUY,0.1679,54.61
2026-07-14 17:21:36,OGNUSDT,BUY,0.01664,49.53
2026-07-14 17:21:36,SUSHIUSDT,BUY,0.165,0
2026-07-14 17:21:36,JUVUSDT,BUY,0.328,0
2026-07-14 17:21:36,BARUSDT,BUY,0.272,0
2026-07-14 17:21:36,CITYUSDT,BUY,0.39,0
2026-07-14 17:21:36,AMPUSDT,BUY,0.000436,0
2026-07-14 17:21:36,PEOPLEUSDT,BUY,0.00558,0
2026-07-14 17:21:36,TUSDT,BUY,0.00433,0
2026-07-14 17:21:37,GMXUSDT,BUY,5.99,0
2026-07-14 17:21:37,EDUUSDT,BUY,0.0324,0
2026-07-14 17:21:37,PIVXUSDT,BUY,0.037,0
2026-07-14 17:21:37,ALTUSDT,BUY,0.00639,0
2026-07-14 17:21:37,RONINUSDT,BUY,0.0553,0
2026-07-14 17:21:37,CATIUSDT,BUY,0.03763,0
2026-07-14 17:21:37,PARTIUSDT,BUY,0.0307,0
2026-07-14 17:21:37,GUNUSDT,BUY,0.00391,0
2026-07-14 17:21:37,USD1USDT,BUY,0.99959,0
2026-07-14 17:21:37,HUMAUSDT,BUY,0.02246,0
2026-07-14 17:21:37,CUSDT,BUY,0.0669,0
2026-07-14 17:21:37,TREEUSDT,BUY,0.0453,0
2026-07-14 17:21:38,MIRAUSDT,BUY,0.0422,0
2026-07-14 17:21:38,EDENUSDT,BUY,0.04436,0
2026-07-14 17:21:38,YBUSDT,BUY,0.0752,0
2026-07-14 17:21:38,KITEUSDT,BUY,0.1213,0
2026-07-14 17:21:38,RLUSDUSDT,BUY,1.0006,0
2026-07-14 17:21:38,INTCBUSDT,BUY,107.08,0
2026-07-14 17:21:42,CBRSBUSDT,BUY,199.04,0
2026-07-14 17:21:42,GLWBUSDT,BUY,187.02,0
2026-07-14 17:30:56,TRXUSDT,SELL,0.3253,50.7
2026-07-14 17:30:56,FILUSDT,SELL,0.777,48.17
2026-07-14 17:30:56,ATMUSDT,SELL,2.848,53.11
2026-07-14 17:30:56,ZECUSDT,SELL,546.81,52.07
2026-07-14 17:30:56,LTCUSDT,BUY,44.57,48.8
2026-07-14 17:30:56,CELRUSDT,BUY,0.001772,48.8
2026-07-14 17:30:56,DOGEUSDT,BUY,0.0745,46.42
2026-07-14 17:30:57,COMPUSDT,BUY,17.19,51.19
2026-07-14 17:30:57,DCRUSDT,BUY,13.53,0
2026-07-14 17:30:57,RSRUSDT,BUY,0.001239,0
2026-07-14 17:30:57,SUSHIUSDT,BUY,0.1657,0
2026-07-14 17:30:57,RUNEUSDT,BUY,0.416,0
2026-07-14 17:30:57,GRTUSDT,BUY,0.01767,0
2026-07-14 17:30:57,JUVUSDT,BUY,0.328,0
2026-07-14 17:30:57,1INCHUSDT,BUY,0.0748,0
2026-07-14 17:30:57,CELOUSDT,BUY,0.07128,0
2026-07-14 17:30:57,TLMUSDT,BUY,0.001771,0
2026-07-14 17:30:57,BARUSDT,BUY,0.272,0
2026-07-14 17:30:57,LPTUSDT,BUY,1.543,0
2026-07-14 17:30:57,QNTUSDT,BUY,64.73,0
2026-07-14 17:30:58,YGGUSDT,BUY,0.02198,0
2026-07-14 17:30:58,FIDAUSDT,BUY,0.02148,0
2026-07-14 17:30:58,LAZIOUSDT,BUY,0.365,0
2026-07-14 17:30:58,QIUSDT,BUY,0.00115,0
2026-07-14 17:30:58,PORTOUSDT,BUY,0.403,0
2026-07-14 17:30:58,POWRUSDT,BUY,0.0441,0
2026-07-14 17:30:58,PEOPLEUSDT,BUY,0.00559,0
2026-07-14 17:30:58,SPELLUSDT,BUY,8.88e-05,0
2026-07-14 17:30:58,STEEMUSDT,BUY,0.04017,0
2026-07-14 17:30:58,LUNCUSDT,BUY,6.059e-05,0
2026-07-14 17:30:58,OSMOUSDT,BUY,0.0339,0
2026-07-14 17:30:58,GNSUSDT,BUY,0.62,0
2026-07-14 17:30:59,ARKMUSDT,BUY,0.1116,0
2026-07-14 17:30:59,WBETHUSDT,BUY,2058.27,0
2026-07-14 17:30:59,WLDUSDT,BUY,0.4126,0
2026-07-14 17:30:59,FDUSDUSDT,BUY,0.998,0
2026-07-14 17:30:59,ORDIUSDT,BUY,3.554,0
2026-07-14 17:30:59,PORTALUSDT,BUY,0.01107,0
2026-07-14 17:30:59,BOMEUSDT,BUY,0.000419,0
2026-07-14 17:30:59,ENAUSDT,BUY,0.0839,0
2026-07-14 17:30:59,ZKUSDT,BUY,0.01045,0
2026-07-14 17:30:59,DOGSUSDT,BUY,3.856e-05,0
2026-07-14 17:30:59,NEIROUSDT,BUY,6.187e-05,0
2026-07-14 17:30:59,CATIUSDT,BUY,0.03775,0
2026-07-14 17:30:59,HMSTRUSDT,BUY,0.0001968,0
2026-07-14 17:30:59,USUALUSDT,BUY,0.0087,0
2026-07-14 17:30:59,THEUSDT,BUY,0.0577,0
2026-07-14 17:31:00,BIOUSDT,BUY,0.02805,0
2026-07-14 17:31:00,TRUMPUSDT,BUY,1.569,0
2026-07-14 17:31:00,HEIUSDT,BUY,0.1112,0
2026-07-14 17:31:00,TUTUSDT,BUY,0.01274,0
2026-07-14 17:31:00,HYPERUSDT,BUY,0.0694,0
2026-07-14 17:31:00,SYRUPUSDT,BUY,0.1914,0
2026-07-14 17:31:00,SPKUSDT,BUY,0.017266,0
2026-07-14 17:31:00,CUSDT,BUY,0.0669,0
2026-07-14 17:31:00,PLUMEUSDT,BUY,0.00996,0
2026-07-14 17:31:01,ASTERUSDT,BUY,0.628,0
2026-07-14 17:31:01,ENSOUSDT,BUY,0.712,0
2026-07-14 17:31:01,GIGGLEUSDT,BUY,27.33,0
2026-07-14 17:31:01,BREVUSDT,BUY,0.075,0
2026-07-14 17:31:01,ZAMAUSDT,BUY,0.03298,0
2026-07-14 17:31:01,CRCLBUSDT,BUY,62.84,0
2026-07-14 17:31:01,REUSDT,BUY,0.5347,0
2026-07-14 17:31:02,METABUSDT,BUY,663.66,0
2026-07-14 17:31:02,CBRSBUSDT,BUY,197.19,0
2026-07-14 17:31:02,QCOMBUSDT,BUY,179.08,0
2026-07-14 17:31:02,SOXLBUSDT,BUY,180.29,0
2026-07-14 17:31:02,SKHYBUSDT,BUY,184.15,0
2026-07-14 17:41:09,IOTAUSDT,SELL,0.0368,52.07
2026-07-14 17:41:09,WINUSDT,SELL,2.231e-05,54.61
2026-07-14 17:41:09,STXUSDT,SELL,0.1677,54.61
2026-07-14 17:41:09,CELRUSDT,SELL,0.001772,48.8
2026-07-14 17:41:09,TRXUSDT,BUY,0.3256,51.87
2026-07-14 17:41:09,HOTUSDT,BUY,0.000364,51.87
2026-07-14 17:41:10,MBLUSDT,BUY,0.000696,49.46
2026-07-14 17:41:10,DOTUSDT,BUY,0.854,51.87
2026-07-14 17:41:10,LUNAUSDT,BUY,0.0479,0
2026-07-14 17:41:10,RSRUSDT,BUY,0.001238,0
2026-07-14 17:41:10,PAXGUSDT,BUY,4056.37,0
2026-07-14 17:41:10,EGLDUSDT,BUY,3.51,0
2026-07-14 17:41:11,SUNUSDT,BUY,0.01817,0
2026-07-14 17:41:11,AUDIOUSDT,BUY,0.01342,0
2026-07-14 17:41:11,AXSUSDT,BUY,0.994,0
2026-07-14 17:41:11,STRAXUSDT,BUY,0.00952,0
2026-07-14 17:41:11,CELOUSDT,BUY,0.07132,0
2026-07-14 17:41:11,CKBUSDT,BUY,0.000909,0
2026-07-14 17:41:11,SFPUSDT,BUY,0.2232,0
2026-07-14 17:41:11,TKOUSDT,BUY,0.046,0
2026-07-14 17:41:12,PHAUSDT,BUY,0.0233,0
2026-07-14 17:41:12,LAZIOUSDT,BUY,0.366,0
2026-07-14 17:41:12,QIUSDT,BUY,0.00115,0
2026-07-14 17:41:12,POWRUSDT,BUY,0.0441,0
2026-07-14 17:41:12,PYRUSDT,BUY,0.137,0
2026-07-14 17:41:12,SANTOSUSDT,BUY,0.518,0
2026-07-14 17:41:12,BICOUSDT,BUY,0.01351,0
2026-07-14 17:41:13,APEUSDT,BUY,0.1451,0
2026-07-14 17:41:13,LDOUSDT,BUY,0.3355,0
2026-07-14 17:41:13,OSMOUSDT,BUY,0.0339,0
2026-07-14 17:41:13,SYNUSDT,BUY,0.26562,0
2026-07-14 17:41:13,SSVUSDT,BUY,2.026,0
2026-07-14 17:41:13,SUIUSDT,BUY,0.7553,0
2026-07-14 17:41:13,WLDUSDT,BUY,0.4134,0
2026-07-14 17:41:14,AEVOUSDT,BUY,0.01926,0
2026-07-14 17:41:14,ENAUSDT,BUY,0.084,0
2026-07-14 17:41:14,SAGAUSDT,BUY,0.01265,0
2026-07-14 17:41:14,GUSDT,BUY,0.00362,0
2026-07-14 17:41:14,RENDERUSDT,BUY,1.514,0
2026-07-14 17:41:14,NEIROUSDT,BUY,6.183e-05,0
2026-07-14 17:41:14,HMSTRUSDT,BUY,0.0001978,0
2026-07-14 17:41:15,BIOUSDT,BUY,0.02809,0
2026-07-14 17:41:15,ONDOUSDT,BUY,0.3154,0
2026-07-14 17:41:16,VIRTUALUSDT,BUY,0.5817,0
2026-07-14 17:41:16,INITUSDT,BUY,0.0546,0
2026-07-14 17:41:16,SYRUPUSDT,BUY,0.192,0
2026-07-14 17:41:16,NXPCUSDT,BUY,0.2569,0
2026-07-14 17:41:16,TOWNSUSDT,BUY,0.00213,0
2026-07-14 17:41:16,MITOUSDT,BUY,0.02127,0
2026-07-14 17:41:16,LINEAUSDT,BUY,0.00249,0
2026-07-14 17:41:17,MORPHOUSDT,BUY,2.027,0
2026-07-14 17:41:17,ZBTUSDT,BUY,0.1161,0
2026-07-14 17:41:17,KGSTUSDT,BUY,0.011444,0
2026-07-14 17:41:18,ROBOUSDT,BUY,0.01286,0
2026-07-14 17:41:18,KATUSDT,BUY,0.00488,0
2026-07-14 17:41:18,CHIPUSDT,BUY,0.03015,0
2026-07-14 17:41:18,MEGAUSDT,BUY,0.04897,0
2026-07-14 17:41:18,NBISBUSDT,BUY,196.3,0
2026-07-14 17:53:21,ETHUSDT,BUY,1869.34,0
2026-07-14 17:53:21,ETCUSDT,BUY,7.06,0
2026-07-14 17:53:21,VETUSDT,BUY,0.004847,0
2026-07-14 17:53:21,USDCUSDT,BUY,1.00049,0
2026-07-14 17:53:21,LINKUSDT,BUY,8.265,0
2026-07-14 17:53:21,ZECUSDT,BUY,547.74,0
2026-07-14 17:53:21,DASHUSDT,BUY,33.87,0
2026-07-14 17:53:21,CHZUSDT,BUY,0.01676,0
2026-07-14 17:53:21,XTZUSDT,BUY,0.2306,0
2026-07-14 17:53:21,FTTUSDT,BUY,0.2161,0
2026-07-14 17:53:21,COTIUSDT,BUY,0.00784,0
2026-07-14 17:53:21,SOLUSDT,BUY,77.14,0
2026-07-14 17:53:21,ZENUSDT,BUY,4.246,0
2026-07-14 17:53:21,DGBUSDT,BUY,0.00256,0
2026-07-14 17:53:21,DCRUSDT,BUY,13.53,0
2026-07-14 17:53:21,CRVUSDT,BUY,0.2225,0
2026-07-14 17:53:21,NMRUSDT,BUY,9.89,0
2026-07-14 17:53:21,RUNEUSDT,BUY,0.416,0
2026-07-14 17:53:21,UNIUSDT,BUY,3.675,0
2026-07-14 17:53:21,NEARUSDT,BUY,2.043,0
2026-07-14 17:53:21,AUDIOUSDT,BUY,0.01344,0
2026-07-14 17:53:21,ROSEUSDT,BUY,0.00572,0
2026-07-14 17:53:21,GRTUSDT,BUY,0.01766,0
2026-07-14 17:53:22,CFXUSDT,BUY,0.04452,0
2026-07-14 17:53:22,BARUSDT,BUY,0.272,0
2026-07-14 17:53:22,XVGUSDT,BUY,0.002128,0
2026-07-14 17:53:22,QNTUSDT,BUY,64.76,0
2026-07-14 17:53:22,POWRUSDT,BUY,0.0442,0
2026-07-14 17:53:22,BTTCUSDT,BUY,2.8e-07,0
2026-07-14 17:53:22,ASTRUSDT,BUY,0.005057,0
2026-07-14 17:53:22,GMTUSDT,BUY,0.00763,0
2026-07-14 17:53:22,NEXOUSDT,BUY,0.756,0
2026-07-14 17:53:22,PEPEUSDT,BUY,2.82e-06,0
2026-07-14 17:53:22,WBETHUSDT,BUY,2057.14,0
2026-07-14 17:53:22,IQUSDT,BUY,0.000745,0
2026-07-14 17:53:22,MEMEUSDT,BUY,0.000553,0
2026-07-14 17:53:22,BONKUSDT,BUY,3.84e-06,0
2026-07-14 17:53:22,PIXELUSDT,BUY,0.00464,0
2026-07-14 17:53:22,WIFUSDT,BUY,0.1535,0
2026-07-14 17:53:22,ENAUSDT,BUY,0.0842,0
2026-07-14 17:53:22,1MBABYDOGEUSDT,BUY,0.0003121,0
2026-07-14 17:53:22,BNSOLUSDT,BUY,86.5,0
2026-07-14 17:53:22,MEUSDT,BUY,0.06391,0
2026-07-14 17:53:22,VELODROMEUSDT,BUY,0.02149,0
2026-07-14 17:53:22,BIOUSDT,BUY,0.02814,0
2026-07-14 17:53:22,TRUMPUSDT,BUY,1.569,0
2026-07-14 17:53:22,SYRUPUSDT,BUY,0.1923,0
2026-07-14 17:53:22,KMNOUSDT,BUY,0.01845,0
2026-07-14 17:53:22,AUSDT,BUY,0.0736,0
2026-07-14 17:53:22,ERAUSDT,BUY,0.08,0
2026-07-14 17:53:22,WLFIUSDT,BUY,0.0579,0
2026-07-14 17:53:22,OPENUSDT,BUY,0.1483,0
2026-07-14 17:53:22,SKYUSDT,BUY,0.0599,0
2026-07-14 17:53:22,BARDUSDT,BUY,0.1238,0
2026-07-14 17:53:22,HEMIUSDT,BUY,0.00453,0
2026-07-14 17:53:22,ASTERUSDT,BUY,0.628,0
2026-07-14 17:53:22,XAUTUSDT,BUY,4058.66,0
2026-07-14 17:53:22,SNDKBUSDT,BUY,1782.41,0
2026-07-14 17:53:22,TSLABUSDT,BUY,396.28,0
2026-07-14 17:53:22,INTCBUSDT,BUY,107.31,0
2026-07-14 17:53:22,PLTRBUSDT,BUY,134.96,0
2026-07-14 17:53:22,QQQBUSDT,BUY,721.72,0
2026-07-14 17:53:22,NBISBUSDT,BUY,196.59,0
2026-07-14 17:53:23,WDCBUSDT,BUY,567.26,0
2026-07-14 17:53:49,ETHUSDT,BUY,1869.98,0
2026-07-14 17:53:49,ETCUSDT,BUY,7.06,0
2026-07-14 17:53:49,VETUSDT,BUY,0.004847,0
2026-07-14 17:53:49,USDCUSDT,BUY,1.00049,0
2026-07-14 17:53:49,ONGUSDT,BUY,0.04761,0
2026-07-14 17:53:49,ZECUSDT,BUY,547.82,0
2026-07-14 17:53:49,TFUELUSDT,BUY,0.00787,0
2026-07-14 17:53:49,CVCUSDT,BUY,0.02012,0
2026-07-14 17:53:49,CHZUSDT,BUY,0.01677,0
2026-07-14 17:53:49,XTZUSDT,BUY,0.2307,0
2026-07-14 17:53:49,BCHUSDT,BUY,237.2,0
2026-07-14 17:53:49,COTIUSDT,BUY,0.00784,0
2026-07-14 17:53:49,SOLUSDT,BUY,77.19,0
2026-07-14 17:53:49,ZENUSDT,BUY,4.246,0
2026-07-14 17:53:49,DGBUSDT,BUY,0.00256,0
2026-07-14 17:53:49,STORJUSDT,BUY,0.0738,0
2026-07-14 17:53:49,MANAUSDT,BUY,0.0701,0
2026-07-14 17:53:49,CRVUSDT,BUY,0.2225,0
2026-07-14 17:53:49,NMRUSDT,BUY,9.89,0
2026-07-14 17:53:49,RUNEUSDT,BUY,0.416,0
2026-07-14 17:53:49,UNIUSDT,BUY,3.676,0
2026-07-14 17:53:49,NEARUSDT,BUY,2.043,0
2026-07-14 17:53:49,AUDIOUSDT,BUY,0.01344,0
2026-07-14 17:53:49,AXSUSDT,BUY,0.995,0
2026-07-14 17:53:49,GRTUSDT,BUY,0.01766,0
2026-07-14 17:53:49,DODOUSDT,BUY,0.0197,0
2026-07-14 17:53:50,CFXUSDT,BUY,0.04455,0
2026-07-14 17:53:50,BARUSDT,BUY,0.272,0
2026-07-14 17:53:50,ARUSDT,BUY,1.995,0
2026-07-14 17:53:50,XVGUSDT,BUY,0.002128,0
2026-07-14 17:53:50,QNTUSDT,BUY,64.76,0
2026-07-14 17:53:50,POWRUSDT,BUY,0.0442,0
2026-07-14 17:53:50,BTTCUSDT,BUY,2.8e-07,0
2026-07-14 17:53:50,TUSDT,BUY,0.00433,0
2026-07-14 17:53:50,NEXOUSDT,BUY,0.757,0
2026-07-14 17:53:50,ARBUSDT,BUY,0.0915,0
2026-07-14 17:53:50,PEPEUSDT,BUY,2.82e-06,0
2026-07-14 17:53:50,WBETHUSDT,BUY,2057.15,0
2026-07-14 17:53:50,IQUSDT,BUY,0.000745,0
2026-07-14 17:53:50,MEMEUSDT,BUY,0.000553,0
2026-07-14 17:53:50,BONKUSDT,BUY,3.84e-06,0
2026-07-14 17:53:50,RONINUSDT,BUY,0.0552,0
2026-07-14 17:53:50,PIXELUSDT,BUY,0.00464,0
2026-07-14 17:53:50,WIFUSDT,BUY,0.1535,0
2026-07-14 17:53:50,ENAUSDT,BUY,0.0841,0
2026-07-14 17:53:50,NEIROUSDT,BUY,6.196e-05,0
2026-07-14 17:53:50,1MBABYDOGEUSDT,BUY,0.0003121,0
2026-07-14 17:53:50,BNSOLUSDT,BUY,86.5,0
2026-07-14 17:53:50,ORCAUSDT,BUY,1.176,0
2026-07-14 17:53:50,MEUSDT,BUY,0.06393,0
2026-07-14 17:53:50,VELODROMEUSDT,BUY,0.02149,0
2026-07-14 17:53:50,BIOUSDT,BUY,0.02814,0
2026-07-14 17:53:50,TRUMPUSDT,BUY,1.569,0
2026-07-14 17:53:50,SYRUPUSDT,BUY,0.1923,0
2026-07-14 17:53:50,KMNOUSDT,BUY,0.01845,0
2026-07-14 17:53:50,AUSDT,BUY,0.0736,0
2026-07-14 17:53:50,ERAUSDT,BUY,0.08,0
2026-07-14 17:53:50,OPENUSDT,BUY,0.1484,0
2026-07-14 17:53:50,SKYUSDT,BUY,0.0599,0
2026-07-14 17:53:50,BARDUSDT,BUY,0.1238,0
2026-07-14 17:53:50,HEMIUSDT,BUY,0.00453,0
2026-07-14 17:53:50,ASTERUSDT,BUY,0.628,0
2026-07-14 17:53:50,XAUTUSDT,BUY,4058.67,0
2026-07-14 17:53:50,SNDKBUSDT,BUY,1783.75,0
2026-07-14 17:53:51,TSLABUSDT,BUY,396.69,0
2026-07-14 17:53:51,INTCBUSDT,BUY,107.31,0
2026-07-14 17:53:51,PLTRBUSDT,BUY,134.96,0
2026-07-14 17:53:51,QQQBUSDT,BUY,721.72,0
2026-07-14 17:53:51,NBISBUSDT,BUY,196.59,0
2026-07-14 17:53:51,WDCBUSDT,BUY,567.26,0
2026-07-14 18:06:06,TRXUSDT,SELL,0.3253,51.87
2026-07-14 18:06:06,ETHUSDT,BUY,1871.34,49.8
2026-07-14 18:06:06,XRPUSDT,BUY,1.1042,0
2026-07-14 18:06:06,IOTAUSDT,BUY,0.037,0
2026-07-14 18:06:06,VETUSDT,BUY,0.004848,0
2026-07-14 18:06:06,USDCUSDT,BUY,1.0005,0
2026-07-14 18:06:06,ZILUSDT,BUY,0.00301,0
2026-07-14 18:06:06,DUSKUSDT,BUY,0.0759,0
2026-07-14 18:06:06,BCHUSDT,BUY,237.3,0
2026-07-14 18:06:06,SOLUSDT,BUY,77.24,0
2026-07-14 18:06:06,JSTUSDT,BUY,0.09938,0
2026-07-14 18:06:06,EGLDUSDT,BUY,3.52,0
2026-07-14 18:06:06,INJUSDT,BUY,5.018,0
2026-07-14 18:06:06,AXSUSDT,BUY,0.995,0
2026-07-14 18:06:06,ATMUSDT,BUY,2.859,0
2026-07-14 18:06:06,CAKEUSDT,BUY,1.413,0
2026-07-14 18:06:06,ACMUSDT,BUY,0.285,0
2026-07-14 18:06:06,ALICEUSDT,BUY,0.1192,0
2026-07-14 18:06:06,SHIBUSDT,BUY,4.23e-06,0
2026-07-14 18:06:06,DEXEUSDT,BUY,41.149,0
2026-07-14 18:06:06,C98USDT,BUY,0.01355,0
2026-07-14 18:06:06,MINAUSDT,BUY,0.0442,0
2026-07-14 18:06:06,RADUSDT,BUY,0.214,0
2026-07-14 18:06:06,ADXUSDT,BUY,0.0612,0
2026-07-14 18:06:06,CITYUSDT,BUY,0.389,0
2026-07-14 18:06:06,PORTOUSDT,BUY,0.402,0
2026-07-14 18:06:06,POWRUSDT,BUY,0.0442,0
2026-07-14 18:06:06,API3USDT,BUY,0.2225,0
2026-07-14 18:06:06,BTTCUSDT,BUY,2.8e-07,0
2026-07-14 18:06:06,WOOUSDT,BUY,0.01274,0
2026-07-14 18:06:06,TUSDT,BUY,0.00433,0
2026-07-14 18:06:06,OPUSDT,BUY,0.102,0
2026-07-14 18:06:06,LUNCUSDT,BUY,6.098e-05,0
2026-07-14 18:06:06,APTUSDT,BUY,0.62,0
2026-07-14 18:06:06,GNSUSDT,BUY,0.622,0
2026-07-14 18:06:06,USTCUSDT,BUY,0.00557,0
2026-07-14 18:06:06,WBETHUSDT,BUY,2060.26,0
2026-07-14 18:06:06,FDUSDUSDT,BUY,0.998,0
2026-07-14 18:06:06,SEIUSDT,BUY,0.04849,0
2026-07-14 18:06:06,ARKUSDT,BUY,0.1074,0
2026-07-14 18:06:06,TIAUSDT,BUY,0.4011,0
2026-07-14 18:06:06,VANRYUSDT,BUY,0.00572,0
2026-07-14 18:06:06,ACEUSDT,BUY,0.0718,0
2026-07-14 18:06:06,PIXELUSDT,BUY,0.00465,0
2026-07-14 18:06:06,PORTALUSDT,BUY,0.01112,0
2026-07-14 18:06:06,AEVOUSDT,BUY,0.01928,0
2026-07-14 18:06:06,BOMEUSDT,BUY,0.0004186,0
2026-07-14 18:06:06,ENAUSDT,BUY,0.0842,0
2026-07-14 18:06:06,TNSRUSDT,BUY,0.0322,0
2026-07-14 18:06:06,SAGAUSDT,BUY,0.01267,0
2026-07-14 18:06:06,ZKUSDT,BUY,0.01045,0
2026-07-14 18:06:06,ZROUSDT,BUY,0.854,0
2026-07-14 18:06:06,POLUSDT,BUY,0.08474,0
2026-07-14 18:06:06,HMSTRUSDT,BUY,0.0001977,0
2026-07-14 18:06:06,KAIAUSDT,BUY,0.0343,0
2026-07-14 18:06:06,ORCAUSDT,BUY,1.177,0
2026-07-14 18:06:06,SUSDT,BUY,0.02562,0
2026-07-14 18:06:06,TSTUSDT,BUY,0.01107,0
2026-07-14 18:06:06,GPSUSDT,BUY,0.00968,0
2026-07-14 18:06:06,BMTUSDT,BUY,0.01201,0
2026-07-14 18:06:06,NILUSDT,BUY,0.03468,0
2026-07-14 18:06:06,GUNUSDT,BUY,0.00392,0
2026-07-14 18:06:06,VIRTUALUSDT,BUY,0.5844,0
2026-07-14 18:06:07,KMNOUSDT,BUY,0.01846,0
2026-07-14 18:06:07,USD1USDT,BUY,0.99961,0
2026-07-14 18:06:07,SOPHUSDT,BUY,0.00469,0
2026-07-14 18:06:07,SAHARAUSDT,BUY,0.00946,0
2026-07-14 18:06:07,CUSDT,BUY,0.0691,0
2026-07-14 18:06:07,TOWNSUSDT,BUY,0.00213,0
2026-07-14 18:06:07,MITOUSDT,BUY,0.02129,0
2026-07-14 18:06:07,SKYUSDT,BUY,0.05998,0
2026-07-14 18:06:07,HEMIUSDT,BUY,0.00457,0
2026-07-14 18:06:07,XPLUSDT,BUY,0.09466,0
2026-07-14 18:06:07,NOMUSDT,BUY,0.00153,0
2026-07-14 18:06:07,BREVUSDT,BUY,0.0749,0
2026-07-14 18:06:07,UUSDT,BUY,1.0007,0
2026-07-14 18:06:07,FOGOUSDT,BUY,0.00963,0
2026-07-14 18:06:07,MANTRAUSDT,BUY,0.00634,0
2026-07-14 18:06:07,OPNUSDT,BUY,0.0622,0
2026-07-14 18:06:07,OPGUSDT,BUY,0.1093,0
2026-07-14 18:06:07,MUBUSDT,BUY,986.12,0
2026-07-14 18:06:07,NVDABUSDT,BUY,211.63,0
2026-07-14 18:06:07,SNDKBUSDT,BUY,1786.85,0
2026-07-14 18:06:07,MSTRBUSDT,BUY,97.12,0
2026-07-14 18:06:07,LITEBUSDT,BUY,812.53,0
2026-07-14 18:06:07,DRAMBUSDT,BUY,61.37,0
2026-07-14 18:06:07,SPYBUSDT,BUY,752.13,0
2026-07-14 19:13:43,OGNUSDT,SELL,0.01666,49.53
2026-07-14 19:13:43,DOGEUSDT,SELL,0.07447,46.42
2026-07-14 19:13:43,COMPUSDT,SELL,17.16,51.19
2026-07-14 19:13:43,HOTUSDT,SELL,0.000362,51.87
2026-07-14 19:13:43,DOTUSDT,SELL,0.849,51.87
2026-07-14 19:13:43,BTCUSDT,BUY,64630.0,56.06
2026-07-14 19:13:43,XRPUSDT,BUY,1.1154,46.31
2026-07-14 19:13:43,ETCUSDT,BUY,7.08,52.4
2026-07-14 19:13:43,VETUSDT,BUY,0.004842,46.31
2026-07-14 19:19:19,MBLUSDT,SELL,0.000698,49.46
2026-07-14 19:19:19,BNBUSDT,BUY,580.77,54.0
2026-07-14 19:19:19,TRXUSDT,BUY,0.3254,51.36
2026-07-14 19:19:19,ALGOUSDT,BUY,0.0847,0
2026-07-14 19:19:19,STXUSDT,BUY,0.1683,0
2026-07-14 19:19:19,BCHUSDT,BUY,236.9,0
2026-07-14 19:19:19,LSKUSDT,BUY,0.0877,0
2026-07-14 19:19:19,NMRUSDT,BUY,9.89,0
2026-07-14 19:19:19,DIAUSDT,BUY,0.1048,0
2026-07-14 19:19:19,AAVEUSDT,BUY,98.8,0
2026-07-14 19:19:19,FILUSDT,BUY,0.779,0
2026-07-14 19:19:19,STRAXUSDT,BUY,0.00959,0
2026-07-14 19:19:19,OGUSDT,BUY,2.629,0
2026-07-14 19:19:19,ASRUSDT,BUY,0.878,0
2026-07-14 19:19:19,RIFUSDT,BUY,0.1239,0
2026-07-14 19:19:19,TKOUSDT,BUY,0.0472,0
2026-07-14 19:19:19,PUNDIXUSDT,BUY,0.0823,0
2026-07-14 19:19:19,SHIBUSDT,BUY,4.22e-06,0
2026-07-14 19:19:19,XECUSDT,BUY,5.86e-06,0
2026-07-14 19:19:19,AGLDUSDT,BUY,0.1577,0
2026-07-14 19:19:19,JASMYUSDT,BUY,0.00435,0
2026-07-14 19:19:19,ASTRUSDT,BUY,0.005077,0
2026-07-14 19:19:19,LDOUSDT,BUY,0.3303,0
2026-07-14 19:19:19,STGUSDT,BUY,0.1397,0
2026-07-14 19:19:19,APTUSDT,BUY,0.616,0
2026-07-14 19:19:19,GNSUSDT,BUY,0.624,0
2026-07-14 19:19:19,SYNUSDT,BUY,0.26282,0
2026-07-14 19:19:19,SSVUSDT,BUY,2.029,0
2026-07-14 19:19:19,SUIUSDT,BUY,0.7613,0
2026-07-14 19:19:19,PEPEUSDT,BUY,2.82e-06,0
2026-07-14 19:19:19,CYBERUSDT,BUY,0.347,0
2026-07-14 19:19:19,IQUSDT,BUY,0.000748,0
2026-07-14 19:19:19,IOUSDT,BUY,0.1605,0
2026-07-14 19:19:19,CATIUSDT,BUY,0.03816,0
2026-07-14 19:19:19,EIGENUSDT,BUY,0.2376,0
2026-07-14 19:19:19,CETUSUSDT,BUY,0.01875,0
2026-07-14 19:19:19,USUALUSDT,BUY,0.00873,0
2026-07-14 19:19:19,TRUMPUSDT,BUY,1.563,0
2026-07-14 19:19:19,BABYUSDT,BUY,0.01317,0
2026-07-14 19:19:19,ONDOUSDT,BUY,0.316,0
2026-07-14 19:19:19,STOUSDT,BUY,0.0431,0
2026-07-14 19:19:19,USD1USDT,BUY,0.99963,0
2026-07-14 19:19:19,AUSDT,BUY,0.0745,0
2026-07-14 19:19:19,SAHARAUSDT,BUY,0.00946,0
2026-07-14 19:19:20,MITOUSDT,BUY,0.02151,0
2026-07-14 19:19:20,SOMIUSDT,BUY,0.1031,0
2026-07-14 19:19:20,PUMPUSDT,BUY,0.001406,0
2026-07-14 19:19:20,BARDUSDT,BUY,0.1237,0
2026-07-14 19:19:20,EDENUSDT,BUY,0.04424,0
2026-07-14 19:19:20,EULUSDT,BUY,1.01,0
2026-07-14 19:19:20,ENSOUSDT,BUY,0.712,0
2026-07-14 19:19:20,YBUSDT,BUY,0.075,0
2026-07-14 19:19:20,ZBTUSDT,BUY,0.1113,0
2026-07-14 19:19:20,BREVUSDT,BUY,0.0748,0
2026-07-14 19:19:20,币安人生USDT,BUY,0.7689,0
2026-07-14 19:19:20,MEGAUSDT,BUY,0.04881,0
2026-07-14 19:19:20,SNDKBUSDT,BUY,1769.27,0
2026-07-14 19:19:20,LITEBUSDT,BUY,808.8,0
2026-07-14 19:19:20,DRAMBUSDT,BUY,61.03,0
2026-07-14 19:19:20,WDCBUSDT,BUY,564.44,0
2026-07-14 19:19:20,SKHYBUSDT,BUY,186.83,0
2026-07-14 19:55:04,XRPUSDT,SELL,1.1151,46.31
2026-07-14 19:55:04,TRXUSDT,SELL,0.3253,51.36
2026-07-14 19:55:04,ADAUSDT,BUY,0.1636,49.42
2026-07-14 19:55:04,IOTAUSDT,BUY,0.0368,47.01
2026-07-14 19:55:04,FETUSDT,BUY,0.1631,0
2026-07-14 19:55:04,IOSTUSDT,BUY,0.000684,0
2026-07-14 19:55:04,DASHUSDT,BUY,33.7,0
2026-07-14 19:55:04,ATOMUSDT,BUY,1.562,0
2026-07-14 19:55:04,TFUELUSDT,BUY,0.00793,0
2026-07-14 19:55:04,DUSKUSDT,BUY,0.0754,0
2026-07-14 19:55:04,MTLUSDT,BUY,0.226,0
2026-07-14 19:55:04,RVNUSDT,BUY,0.00381,0
2026-07-14 19:55:04,HBARUSDT,BUY,0.06658,0
2026-07-14 19:55:04,SCUSDT,BUY,0.000618,0
2026-07-14 19:55:04,ZENUSDT,BUY,4.217,0
2026-07-14 19:55:04,RSRUSDT,BUY,0.001235,0
2026-07-14 19:55:04,AVAXUSDT,BUY,6.676,0
2026-07-14 19:55:04,AAVEUSDT,BUY,98.83,0
2026-07-14 19:55:04,NEARUSDT,BUY,2.024,0
2026-07-14 19:55:04,GRTUSDT,BUY,0.0176,0
2026-07-14 19:55:04,1INCHUSDT,BUY,0.0747,0
2026-07-14 19:55:04,OGUSDT,BUY,2.627,0
2026-07-14 19:55:04,TWTUSDT,BUY,0.3641,0
2026-07-14 19:55:04,CAKEUSDT,BUY,1.417,0
2026-07-14 19:55:04,ACMUSDT,BUY,0.294,0
2026-07-14 19:55:04,CFXUSDT,BUY,0.0443,0
2026-07-14 19:55:04,BARUSDT,BUY,0.279,0
2026-07-14 19:55:04,ARUSDT,BUY,1.994,0
2026-07-14 19:55:04,MASKUSDT,BUY,0.394,0
2026-07-14 19:55:04,QNTUSDT,BUY,64.61,0
2026-07-14 19:55:04,FLOWUSDT,BUY,0.02647,0
2026-07-14 19:55:04,RAYUSDT,BUY,0.6827,0
2026-07-14 19:55:04,CITYUSDT,BUY,0.397,0
2026-07-14 19:55:04,ENSUSDT,BUY,4.23,0
2026-07-14 19:55:04,QIUSDT,BUY,0.00115,0
2026-07-14 19:55:04,SANTOSUSDT,BUY,0.551,0
2026-07-14 19:55:04,SPELLUSDT,BUY,8.88e-05,0
2026-07-14 19:55:04,IMXUSDT,BUY,0.1322,0
2026-07-14 19:55:04,GMTUSDT,BUY,0.00766,0
2026-07-14 19:55:04,STGUSDT,BUY,0.1424,0
2026-07-14 19:55:04,APTUSDT,BUY,0.616,0
2026-07-14 19:55:04,USTCUSDT,BUY,0.00553,0
2026-07-14 19:55:04,ARBUSDT,BUY,0.0913,0
2026-07-14 19:55:04,SUIUSDT,BUY,0.7633,0
2026-07-14 19:55:04,ARKMUSDT,BUY,0.1109,0
2026-07-14 19:55:04,WBETHUSDT,BUY,2068.17,0
2026-07-14 19:55:04,WLDUSDT,BUY,0.412,0
2026-07-14 19:55:04,FDUSDUSDT,BUY,0.998,0
2026-07-14 19:55:04,SEIUSDT,BUY,0.04816,0
2026-07-14 19:55:04,BEAMXUSDT,BUY,0.001584,0
2026-07-14 19:55:04,BLURUSDT,BUY,0.01632,0
2026-07-14 19:55:04,PYTHUSDT,BUY,0.04665,0
2026-07-14 19:55:04,ETHFIUSDT,BUY,0.393,0
2026-07-14 19:55:04,WUSDT,BUY,0.00969,0
2026-07-14 19:55:04,TAOUSDT,BUY,203.7,0
2026-07-14 19:55:04,POLUSDT,BUY,0.08489,0
2026-07-14 19:55:04,HMSTRUSDT,BUY,0.0001948,0
2026-07-14 19:55:04,SCRUSDT,BUY,0.02583,0
2026-07-14 19:55:04,BNSOLUSDT,BUY,86.6,0
2026-07-14 19:55:04,COWUSDT,BUY,0.1436,0
2026-07-14 19:55:04,1000CHEEMSUSDT,BUY,0.000472,0
2026-07-14 19:55:04,PARTIUSDT,BUY,0.0307,0
2026-07-14 19:55:05,NXPCUSDT,BUY,0.2558,0
2026-07-14 19:55:05,RESOLVUSDT,BUY,0.0189,0
2026-07-14 19:55:05,TREEUSDT,BUY,0.0449,0
2026-07-14 19:55:05,TOWNSUSDT,BUY,0.00207,0
2026-07-14 19:55:05,PLUMEUSDT,BUY,0.00988,0
2026-07-14 19:55:05,HEMIUSDT,BUY,0.00451,0
2026-07-14 19:55:05,XPLUSDT,BUY,0.0937,0
2026-07-14 19:55:05,MORPHOUSDT,BUY,2.031,0
2026-07-14 19:55:05,ESPUSDT,BUY,0.07007,0
2026-07-14 19:55:05,TSLABUSDT,BUY,397.19,0
2026-07-14 19:55:05,EWYBUSDT,BUY,176.42,0
2026-07-14 19:55:05,PLTRBUSDT,BUY,133.92,0
2026-07-14 19:55:05,DRAMBUSDT,BUY,61.2,0
2026-07-14 19:55:05,SOXLBUSDT,BUY,177.94,0
2026-07-14 19:55:05,SPYBUSDT,BUY,751.92,0
2026-07-14 20:04:30,ETHUSDT,SELL,1876.37,49.8
2026-07-14 20:04:30,BTCUSDT,SELL,64524.0,56.06
2026-07-14 20:04:30,VETUSDT,SELL,0.004832,46.31
2026-07-14 20:04:30,ADAUSDT,SELL,0.1632,49.42
2026-07-14 20:04:30,IOTAUSDT,SELL,0.0367,47.01
2026-07-14 20:04:30,USDCUSDT,BUY,1.00046,49.52
2026-07-14 20:04:30,CELRUSDT,BUY,0.001768,47.11
2026-07-14 20:04:30,XTZUSDT,BUY,0.2326,47.11
2026-07-14 20:04:30,MBLUSDT,BUY,0.0007,47.11
2026-07-14 20:04:30,JSTUSDT,BUY,0.10004,43.48
